-- MySQL dump 10.13  Distrib 8.0.21, for Win64 (x86_64)
--
-- Host: 127.0.0.1    Database: stocks
-- ------------------------------------------------------
-- Server version	8.0.21

/*!40101 SET @OLD_CHARACTER_SET_CLIENT=@@CHARACTER_SET_CLIENT */;
/*!40101 SET @OLD_CHARACTER_SET_RESULTS=@@CHARACTER_SET_RESULTS */;
/*!40101 SET @OLD_COLLATION_CONNECTION=@@COLLATION_CONNECTION */;
/*!50503 SET NAMES utf8 */;
/*!40103 SET @OLD_TIME_ZONE=@@TIME_ZONE */;
/*!40103 SET TIME_ZONE='+00:00' */;
/*!40014 SET @OLD_UNIQUE_CHECKS=@@UNIQUE_CHECKS, UNIQUE_CHECKS=0 */;
/*!40014 SET @OLD_FOREIGN_KEY_CHECKS=@@FOREIGN_KEY_CHECKS, FOREIGN_KEY_CHECKS=0 */;
/*!40101 SET @OLD_SQL_MODE=@@SQL_MODE, SQL_MODE='NO_AUTO_VALUE_ON_ZERO' */;
/*!40111 SET @OLD_SQL_NOTES=@@SQL_NOTES, SQL_NOTES=0 */;

--
-- Table structure for table `cash_book`
--

DROP TABLE IF EXISTS `cash_book`;
/*!40101 SET @saved_cs_client     = @@character_set_client */;
/*!50503 SET character_set_client = utf8mb4 */;
CREATE TABLE `cash_book` (
  `id` varchar(255) NOT NULL,
  `company` varchar(255) DEFAULT NULL,
  `in_amount` decimal(19,2) DEFAULT NULL,
  `out_amount` decimal(19,2) DEFAULT NULL,
  `trans_date` datetime DEFAULT NULL,
  `trans_ref_id` varchar(255) DEFAULT NULL,
  `trans_type` varchar(255) DEFAULT NULL,
  `user_id` varchar(255) DEFAULT NULL,
  PRIMARY KEY (`id`),
  KEY `CASHBOOK_INDEX_0` (`trans_type`),
  KEY `CASHBOOK_INDEX_1` (`company`),
  KEY `CASHBOOK_INDEX_2` (`user_id`),
  KEY `CASHBOOK_INDEX_3` (`trans_ref_id`)
) ENGINE=InnoDB DEFAULT CHARSET=latin1;
/*!40101 SET character_set_client = @saved_cs_client */;

--
-- Dumping data for table `cash_book`
--

LOCK TABLES `cash_book` WRITE;
/*!40000 ALTER TABLE `cash_book` DISABLE KEYS */;
INSERT INTO `cash_book` VALUES ('2c917d2178c3fec60178e8241b6a0002','2c9fa2f9764202850176421052df0007',0.00,294764.80,'2021-04-15 08:49:43','2c917d2178c3fec60178e8241b550000','BUY','18e9bd7b-92ba-11eb-ba5a-74d83e4ed2c9'),('2c91f2a17911554e01791296797d0001',NULL,100000.00,0.00,'2021-04-27 14:38:41','2c91f2a17911554e0179129679690000','DEPOSIT','402888e8759dfd9b01759dfdc66f0000'),('2c9fa2f9763d047c01763d1b93960005',NULL,95000.00,0.00,'2020-06-23 18:30:00','2c9fa2f9763d047c01763d1b93950004','DEPOSIT','402888e8759dfd9b01759dfdc66f0000'),('2c9fa2f9763d047c01763d1c06cd0007',NULL,50000.00,0.00,'2020-09-02 18:30:00','2c9fa2f9763d047c01763d1c06cd0006','DEPOSIT','402888e8759dfd9b01759dfdc66f0000'),('2c9fa2f9763d047c01763d1c61fa0009',NULL,40000.00,0.00,'2020-09-28 18:30:00','2c9fa2f9763d047c01763d1c61fa0008','DEPOSIT','402888e8759dfd9b01759dfdc66f0000'),('2c9fa2f9763d22a901763d22bdb40001',NULL,40000.00,0.00,'2020-10-28 18:30:00','2c9fa2f9763d22a901763d22bda90000','DEPOSIT','402888e8759dfd9b01759dfdc66f0000'),('2c9fa2f9763d22a901763d2341b60003',NULL,400000.00,0.00,'2020-11-02 18:30:00','2c9fa2f9763d22a901763d2341b60002','DEPOSIT','402888e8759dfd9b01759dfdc66f0000'),('2c9fa2f9763d22a901763d236bcf0005',NULL,500.00,0.00,'2020-11-02 18:30:00','2c9fa2f9763d22a901763d236bcf0004','DEPOSIT','402888e8759dfd9b01759dfdc66f0000'),('2c9fa2f9763d22a901763d23e4660007',NULL,200000.00,0.00,'2020-12-03 18:30:00','2c9fa2f9763d22a901763d23e4650006','DEPOSIT','402888e8759dfd9b01759dfdc66f0000'),('2c9fa2f9764202850176422847560016','2c9fa2f9764202850176420e86210002',0.00,101767.17,'2020-08-20 18:30:00','2c9fa2f9764202850176422847560014','BUY','402888e8759dfd9b01759dfdc66f0000'),('2c9fa2f9764202850176422b0c19001c','2c9fa2f9764202850176420f2f660004',0.00,506.81,'2020-09-29 18:30:00','2c9fa2f9764202850176422b0c19001a','BUY','402888e8759dfd9b01759dfdc66f0000'),('2c9fa2f9764202850176422bb92c001f','2c9fa2f9764202850176420f2f660004',0.00,552.12,'2020-10-07 18:30:00','2c9fa2f9764202850176422bb92c001d','BUY','402888e8759dfd9b01759dfdc66f0000'),('2c9fa2f9764202850176422c61490022','2c9fa2f9764202850176420f92740005',0.00,13752.32,'2020-11-03 18:30:00','2c9fa2f9764202850176422c61480020','BUY','402888e8759dfd9b01759dfdc66f0000'),('2c9fa2f9764250fb017642511d1e0002','2c9fa2f9764202850176420f92740005',0.00,20325.12,'2020-11-03 18:30:00','2c9fa2f9764250fb017642511d0f0000','BUY','402888e8759dfd9b01759dfdc66f0000'),('2c9fa2f9764250fb01764251fdae0005','2c9fa2f9764202850176420f92740005',0.00,6340.22,'2020-11-03 18:30:00','2c9fa2f9764250fb01764251fdac0003','BUY','402888e8759dfd9b01759dfdc66f0000'),('2c9fa2f9764250fb01764252b52e0008','2c9fa2f9764202850176420fefc70006',0.00,69267.20,'2020-11-05 18:30:00','2c9fa2f9764250fb01764252b52e0006','BUY','402888e8759dfd9b01759dfdc66f0000'),('2c9fa2f9764250fb01764253c420000e','2c9fa2f9764202850176420fefc70006',0.00,68761.60,'2020-11-05 18:30:00','2c9fa2f9764250fb01764253c41f000c','BUY','402888e8759dfd9b01759dfdc66f0000'),('2c9fa2f9764250fb017642559a570011','2c9fa2f9764202850176420dfda10001',0.00,73716.48,'2020-11-05 18:30:00','2c9fa2f9764250fb017642559a56000f','BUY','402888e8759dfd9b01759dfdc66f0000'),('2c9fa2f9764250fb017642566d980016','2c9fa2f9764202850176420f92740005',7514.88,0.00,'2020-11-06 18:30:00','2c9fa2f9764250fb017642566d950012','SALE','402888e8759dfd9b01759dfdc66f0000'),('2c9fa2f9764250fb017642566d980017','2c9fa2f9764202850176420f92740005',23731.20,0.00,'2020-11-06 18:30:00','2c9fa2f9764250fb017642566d950012','SALE','402888e8759dfd9b01759dfdc66f0000'),('2c9fa2f9764250fb017642566d980018','2c9fa2f9764202850176420f92740005',15820.80,0.00,'2020-11-06 18:30:00','2c9fa2f9764250fb017642566d950012','SALE','402888e8759dfd9b01759dfdc66f0000'),('2c9fa2f9764250fb01764256ee8d001b','2c9fa2f9764202850176421052df0007',0.00,118816.00,'2020-11-09 18:30:00','2c9fa2f9764250fb01764256ee8d0019','BUY','402888e8759dfd9b01759dfdc66f0000'),('2c9fa2f97643c3e9017643c40f2a0003','2c9fa2f9764202850176420fefc70006',71688.00,0.00,'2020-11-10 18:30:00','2c9fa2f97643c3e9017643c40f200000','SALE','402888e8759dfd9b01759dfdc66f0000'),('2c9fa2f97643c3e9017643c40f2a0004','2c9fa2f9764202850176420fefc70006',71688.00,0.00,'2020-11-10 18:30:00','2c9fa2f97643c3e9017643c40f200000','SALE','402888e8759dfd9b01759dfdc66f0000'),('2c9fa2f97643c3e9017643c4f3840007','2c9fa2f9764202850176420f2f660004',0.00,105164.80,'2020-11-11 18:30:00','2c9fa2f97643c3e9017643c4f3840005','BUY','402888e8759dfd9b01759dfdc66f0000'),('2c9fa2f97643c3e9017643c5ceac000a','2c9fa2f976420285017642109f4a0008',0.00,49548.80,'2020-11-11 18:30:00','2c9fa2f97643c3e9017643c5ceab0008','BUY','402888e8759dfd9b01759dfdc66f0000'),('2c9fa2f97643c3e9017643c65907000d','2c9fa2f9764202850176420f2f660004',0.00,63200.00,'2020-11-11 18:30:00','2c9fa2f97643c3e9017643c65906000b','BUY','402888e8759dfd9b01759dfdc66f0000'),('2c9fa2f97643c3e9017643c7944b0010','2c9fa2f9764202850176421052df0007',135465.60,0.00,'2020-11-10 18:30:00','2c9fa2f97643c3e9017643c7944a000e','SALE','402888e8759dfd9b01759dfdc66f0000'),('2c9fa2f97643c3e9017643c8345b0013','2c9fa2f975f4be050175f4de331a0000',0.00,74323.20,'2020-11-10 18:30:00','2c9fa2f97643c3e9017643c834590011','BUY','402888e8759dfd9b01759dfdc66f0000'),('2c9fa2f97643c3e9017643c8e7770016','2c9fa2f9764202850176421052df0007',0.00,26796.80,'2020-11-10 18:30:00','2c9fa2f97643c3e9017643c8e7750014','BUY','402888e8759dfd9b01759dfdc66f0000'),('2c9fa2f97643c3e9017643c9764f0019','2c9fa2f975f4be050175f4de331a0000',0.00,70784.00,'2020-11-10 18:30:00','2c9fa2f97643c3e9017643c9764f0017','BUY','402888e8759dfd9b01759dfdc66f0000'),('2c9fa2f97643c3e9017643ca039f001c','2c9fa2f975f4be050175f4de331a0000',0.00,5339.14,'2020-11-20 18:30:00','2c9fa2f97643c3e9017643ca039e001a','BUY','402888e8759dfd9b01759dfdc66f0000'),('2c9fa2f97643cba5017643cbba250002','2c9fa2f9764202850176420dfda10001',79895.04,0.00,'2020-12-02 18:30:00','2c9fa2f97643cba5017643cbba1e0000','SALE','402888e8759dfd9b01759dfdc66f0000'),('2c9fa2f97643cba5017643cccbcd0005','2c9fa2f9764202850176421052df0007',0.00,53189.12,'2020-12-03 18:30:00','2c9fa2f97643cba5017643cccbcc0003','BUY','402888e8759dfd9b01759dfdc66f0000'),('2c9fa2f97643cba5017643cd86ea0008','2c9fa2f975f4be050175f4de331a0000',0.00,68256.00,'2020-12-03 18:30:00','2c9fa2f97643cba5017643cd86ea0006','BUY','402888e8759dfd9b01759dfdc66f0000'),('2c9fa2f97643cba5017643cdfc56000b','2c9fa2f9764202850176421052df0007',0.00,129939.20,'2020-12-04 18:30:00','2c9fa2f97643cba5017643cdfc550009','BUY','402888e8759dfd9b01759dfdc66f0000'),('2c9fa2f97643cba5017643ce90d5000e','2c9fa2f97642028501764211693d000a',0.00,23783.42,'2020-12-07 18:30:00','2c9fa2f97643cba5017643ce90d4000c','BUY','402888e8759dfd9b01759dfdc66f0000'),('2c9fa2f97643cba5017643cf51e00014','2c9fa2f9764202850176420f2f660004',74160.00,0.00,'2020-12-08 18:30:00','2c9fa2f97643cba5017643cf51de000f','SALE','402888e8759dfd9b01759dfdc66f0000'),('2c9fa2f97643cba5017643cf51e00015','2c9fa2f9764202850176420f2f660004',530.99,0.00,'2020-12-08 18:30:00','2c9fa2f97643cba5017643cf51de000f','SALE','402888e8759dfd9b01759dfdc66f0000'),('2c9fa2f97643cba5017643cf51e00016','2c9fa2f9764202850176420f2f660004',578.45,0.00,'2020-12-08 18:30:00','2c9fa2f97643cba5017643cf51de000f','SALE','402888e8759dfd9b01759dfdc66f0000'),('2c9fa2f97643cba5017643cf51e00017','2c9fa2f9764202850176420f2f660004',118656.00,0.00,'2020-12-08 18:30:00','2c9fa2f97643cba5017643cf51de000f','SALE','402888e8759dfd9b01759dfdc66f0000'),('2c9fa2f97643d95a0176469d60cb0002','2c9fa2f9764202850176420f2f660004',0.00,179083.52,'2020-12-09 18:30:00','2c9fa2f97643d95a0176469d60c20000','BUY','402888e8759dfd9b01759dfdc66f0000'),('2c9fa2f976473dfa0176474bf6100005','2c9fa2f9764202850176420dfda10001',0.00,94403.04,'2020-06-26 18:30:00','2c9fa2f976473dfa0176474bf60f0003','BUY','402888e8759dfd9b01759dfdc66f0000'),('2c9fa2f976473dfa0176474c860a0008','2c9fa2f9764202850176420dfda10001',103244.56,0.00,'2020-08-18 18:30:00','2c9fa2f976473dfa0176474c86090006','SALE','402888e8759dfd9b01759dfdc66f0000'),('2c9fa2f9768f4f2001768f4f98b30005','2c9fa2f975f4be050175f4de331a0000',76632.00,0.00,'2020-12-21 18:30:00','2c9fa2f9768f4f2001768f4f98ac0000','SALE','402888e8759dfd9b01759dfdc66f0000'),('2c9fa2f9768f4f2001768f4f98b30006','2c9fa2f975f4be050175f4de331a0000',6130.56,0.00,'2020-12-21 18:30:00','2c9fa2f9768f4f2001768f4f98ac0000','SALE','402888e8759dfd9b01759dfdc66f0000'),('2c9fa2f9768f4f2001768f4f98b30007','2c9fa2f975f4be050175f4de331a0000',76632.00,0.00,'2020-12-21 18:30:00','2c9fa2f9768f4f2001768f4f98ac0000','SALE','402888e8759dfd9b01759dfdc66f0000'),('2c9fa2f9768f4f2001768f4f98b30008','2c9fa2f975f4be050175f4de331a0000',76632.00,0.00,'2020-12-21 18:30:00','2c9fa2f9768f4f2001768f4f98ac0000','SALE','402888e8759dfd9b01759dfdc66f0000'),('2c9fa2f9768f4f20017693fb24b4000b','2c9fa2f976420285017642109f4a0008',54977.28,0.00,'2020-12-24 18:30:00','2c9fa2f9768f4f20017693fb24b40009','SALE','402888e8759dfd9b01759dfdc66f0000'),('2c9fa2f9768f4f20017693fc45e4000e','2c9fa2f97642028501764211693d000a',0.00,235407.36,'2020-12-24 18:30:00','2c9fa2f9768f4f20017693fc45e3000c','BUY','402888e8759dfd9b01759dfdc66f0000'),('2c9fa2f9768f4f200176a7d6ff6e0011','2c9fa2f9764202850176420f2f660004',200133.12,0.00,'2020-12-28 18:30:00','2c9fa2f9768f4f200176a7d6ff6e000f','SALE','402888e8759dfd9b01759dfdc66f0000'),('2c9fa2f9768f4f200176a93255100014','2c9fa2f9764202850176420ee4020003',0.00,30336.00,'2020-09-03 18:30:00','2c9fa2f9768f4f200176a932550f0012','BUY','402888e8759dfd9b01759dfdc66f0000'),('2c9fa2f9768f4f200176a93329900017','2c9fa2f9764202850176420ee4020003',0.00,21235.20,'2020-09-03 18:30:00','2c9fa2f9768f4f200176a93329900015','BUY','402888e8759dfd9b01759dfdc66f0000'),('2c9fa2f9768f4f200176a93409e7001a','2c9fa2f9764202850176420ee4020003',0.00,39437.10,'2020-09-30 18:30:00','2c9fa2f9768f4f200176a93409e60018','BUY','402888e8759dfd9b01759dfdc66f0000'),('2c9fa2f9768f4f200176b24684dc001e','2c9fa2f9768f4f200176b245ef07001b',0.00,145612.80,'2020-12-30 18:30:00','2c9fa2f9768f4f200176b24684dc001c','BUY','402888e8759dfd9b01759dfdc66f0000'),('2c9fa2f976b299920176b299b5080002','2c9fa2f9768f4f200176b245ef07001b',0.00,122911.36,'2020-12-30 18:30:00','2c9fa2f976b299920176b299b4f50000','BUY','402888e8759dfd9b01759dfdc66f0000'),('2c9fa2f976cc9c800176cc9d2e050004','2c9fa2f9764202850176421052df0007',58141.44,0.00,'2021-01-04 08:57:01','2c9fa2f976cc9c800176cc9d2dfa0000','SALE','402888e8759dfd9b01759dfdc66f0000'),('2c9fa2f976cc9c800176cc9d2e060005','2c9fa2f9764202850176421052df0007',145353.60,0.00,'2021-01-04 08:57:01','2c9fa2f976cc9c800176cc9d2dfa0000','SALE','402888e8759dfd9b01759dfdc66f0000'),('2c9fa2f976cc9c800176cc9d2e0b0006','2c9fa2f9764202850176421052df0007',29070.72,0.00,'2021-01-04 08:57:01','2c9fa2f976cc9c800176cc9d2dfa0000','SALE','402888e8759dfd9b01759dfdc66f0000'),('2c9fa2f976ce12820176d13cab8f0003','2c9fa2f9768f4f200176b245ef07001b',138090.86,0.00,'2021-01-05 11:59:42','2c9fa2f976ce12820176d13cab7d0000','SALE','402888e8759dfd9b01759dfdc66f0000'),('2c9fa2f976ce12820176d13cab8f0004','2c9fa2f9768f4f200176b245ef07001b',16245.98,0.00,'2021-01-05 11:59:42','2c9fa2f976ce12820176d13cab7d0000','SALE','402888e8759dfd9b01759dfdc66f0000'),('2c9fa2f976ce12820176d14292c20008','2c9fa2f976ce12820176d141ecc30005',0.00,211998.08,'2021-01-05 12:06:09','2c9fa2f976ce12820176d14292c10006','BUY','402888e8759dfd9b01759dfdc66f0000'),('2c9fa2f976ce12820176d16d8c96000b','2c9fa2f976ce12820176d141ecc30005',0.00,150122.75,'2021-01-05 12:53:06','2c9fa2f976ce12820176d16d8c960009','BUY','402888e8759dfd9b01759dfdc66f0000'),('2c9fa2f976d29e480176d6369f8b0002','2c9fa2f9768f4f200176b245ef07001b',144345.02,0.00,'2021-01-06 11:11:12','2c9fa2f976d29e480176d6369f7a0000','SALE','402888e8759dfd9b01759dfdc66f0000'),('2c9fa2f976d71e170176d722b1f80002','2c9fa2f976ce12820176d141ecc30005',0.00,17254.11,'2021-01-06 15:29:03','2c9fa2f976d71e170176d722b1ea0000','BUY','402888e8759dfd9b01759dfdc66f0000'),('2c9fa2f976db6ad00176db6c2e520002','2c9fa2f9764202850176420f2f660004',0.00,159264.00,'2021-01-07 11:27:48','2c9fa2f976db6ad00176db6c2e430000','BUY','402888e8759dfd9b01759dfdc66f0000'),('2c9faba476ff130f0176ff38694d0002','2c9fa2f9764202850176420dfda10001',0.00,202240.00,'2021-01-14 10:17:35','2c9faba476ff130f0176ff3869410000','BUY','2c9fa2f976cb7e720176cb7f3ddb0000'),('2c9faba476ff130f0176ff38d6160004',NULL,300000.00,0.00,'2021-01-13 10:18:03','2c9faba476ff130f0176ff38d6160003','DEPOSIT','2c9fa2f976cb7e720176cb7f3ddb0000'),('2c9faba476ff594d0176ff59fdc70003','2c9fa2f9764202850176420dfda10001',1653.27,0.00,'2021-01-14 10:54:16','2c9faba476ff594d0176ff59fdbb0000','SALE','2c9fa2f976cb7e720176cb7f3ddb0000'),('2c9faba476ff594d0176ff59fdc70004','2c9fa2f9764202850176420dfda10001',220000.00,0.00,'2021-01-14 10:54:16','2c9faba476ff594d0176ff59fdbb0000','SALE','2c9fa2f976cb7e720176cb7f3ddb0000'),('2c9faba4770433dc017719629eae0002','2c9fa2f9764202850176420e86210002',109163.52,0.00,'2021-01-19 12:13:49','2c9faba4770433dc017719629e9d0000','SALE','402888e8759dfd9b01759dfdc66f0000'),('2c9faba4770433dc0177198ad1d80006','2c9fa2f97642028501764211693d000a',264009.60,0.00,'2021-01-19 12:57:44','2c9faba4770433dc0177198ad1d60003','SALE','402888e8759dfd9b01759dfdc66f0000'),('2c9faba4770433dc0177198ad1d80007','2c9fa2f97642028501764211693d000a',26400.96,0.00,'2021-01-19 12:57:44','2c9faba4770433dc0177198ad1d60003','SALE','402888e8759dfd9b01759dfdc66f0000'),('2c9faba4770433dc017719a258e6000a','2c9fa2f9764202850176421052df0007',0.00,51975.68,'2021-01-19 13:23:25','2c9faba4770433dc017719a258e60008','BUY','402888e8759dfd9b01759dfdc66f0000'),('2c9faba4770433dc017719c04aee000d','2c9fa2f9764202850176421052df0007',0.00,101120.00,'2021-01-19 13:56:08','2c9faba4770433dc017719c04aee000b','BUY','402888e8759dfd9b01759dfdc66f0000'),('2c9faba4770433dc01771e4a6e240010','2c9fa2f9764202850176421052df0007',0.00,126400.00,'2021-01-20 11:05:30','2c9faba4770433dc01771e4a6e23000e','BUY','402888e8759dfd9b01759dfdc66f0000'),('2c9faba4770433dc01772437ad350016','2c9fa2f976ce12820176d141ecc30005',0.00,109209.60,'2021-01-20 14:42:44','2c9faba4770433dc01772437ad350014','BUY','402888e8759dfd9b01759dfdc66f0000'),('2c9faba4770433dc01773835e8c3001b','2c9fa2f9764202850176421052df0007',116678.40,0.00,'2021-01-25 11:53:13','2c9faba4770433dc01773835e8c00017','SALE','402888e8759dfd9b01759dfdc66f0000'),('2c9faba4770433dc01773835e8c3001c','2c9fa2f9764202850176421052df0007',145848.00,0.00,'2021-01-25 11:53:13','2c9faba4770433dc01773835e8c00017','SALE','402888e8759dfd9b01759dfdc66f0000'),('2c9faba4770433dc01773835e8c3001d','2c9fa2f9764202850176421052df0007',58339.20,0.00,'2021-01-25 11:53:13','2c9faba4770433dc01773835e8c00017','SALE','402888e8759dfd9b01759dfdc66f0000'),('2c9faba4770433dc0177397625ab0020','2c9fa2f976ce12820176d141ecc30005',0.00,119613.33,'2021-01-25 17:43:00','2c9faba4770433dc0177397625ab001e','BUY','402888e8759dfd9b01759dfdc66f0000'),('2c9faba4770433dc01773dea60bc0023','2c9fa2f9764202850176421052df0007',0.00,61683.20,'2021-01-26 14:28:26','2c9faba4770433dc01773dea60bc0021','BUY','402888e8759dfd9b01759dfdc66f0000'),('2c9faba4770433dc0177426bf5830026','2c9fa2f9764202850176421052df0007',0.00,86760.96,'2021-01-27 11:28:27','2c9faba4770433dc0177426bf5830024','BUY','402888e8759dfd9b01759dfdc66f0000'),('2c9faba4770433dc0177427ac1120029','2c9fa2f9764202850176421052df0007',0.00,57840.64,'2021-01-27 11:44:37','2c9faba4770433dc0177427ac1110027','BUY','402888e8759dfd9b01759dfdc66f0000'),('2c9faba4770433dc01774cd65df0002c','2c9fa2f9764202850176421052df0007',0.00,4550.40,'2021-01-29 12:00:53','2c9faba4770433dc01774cd65def002a','BUY','402888e8759dfd9b01759dfdc66f0000'),('2c9faba4770433dc01774cf4aa72002e',NULL,30000.00,0.00,'2021-01-29 12:33:58','2c9faba4770433dc01774cf4aa72002d','DEPOSIT','402888e8759dfd9b01759dfdc66f0000'),('2c9faba4770433dc01775c1d315d0034','2c9fa2f9764202850176421052df0007',0.00,30336.00,'2021-01-29 11:12:33','2c9faba4770433dc01775c1d315d0032','BUY','402888e8759dfd9b01759dfdc66f0000'),('2c9faba477c4856f0178150461310001',NULL,25000.00,0.00,'2021-03-08 08:55:11','2c9faba477c4856f0178150461240000','DEPOSIT','402888e8759dfd9b01759dfdc66f0000'),('2c9faba477c4856f017815b944580004','2c9fa2f976ce12820176d141ecc30005',0.00,25360.90,'2021-03-09 12:12:46','2c9faba477c4856f017815b944570002','BUY','402888e8759dfd9b01759dfdc66f0000'),('2c9faba477c4856f0178251592d7000b',NULL,100000.00,0.00,'2021-03-01 11:47:54','2c9faba477c4856f0178251592d7000a','DEPOSIT','2c9faba477c4856f017824dfa2160005'),('2c9faba477c4856f017825164bd9000e','2c9faba477c4856f01782512412d0006',0.00,22691.33,'2021-03-12 11:48:41','2c9faba477c4856f017825164bd8000c','BUY','2c9faba477c4856f017824dfa2160005'),('2c9faba477c4856f0178351787410012','2c9faba477c4856f01783516a941000f',0.00,48335.36,'2021-03-15 14:23:57','2c9faba477c4856f0178351787410010','BUY','2c9faba477c4856f017824dfa2160005'),('2c9faba4783ed4a101783ed5650b0001',NULL,120000.00,0.00,'2021-03-17 11:47:55','2c9faba4783ed4a101783ed565050000','DEPOSIT','402888e8759dfd9b01759dfdc66f0000'),('2c9faba4783ed4a10178443fb9890007','2c9fa2f976ce12820176d141ecc30005',0.00,44604.03,'2021-03-17 13:02:10','2c9faba4783ed4a10178443fb9890005','BUY','402888e8759dfd9b01759dfdc66f0000'),('2c9faba4783ed4a1017845c3dbb9000a','2c9fa2f976ce12820176d141ecc30005',0.00,75015.87,'2021-03-18 20:06:06','2c9faba4783ed4a1017845c3dbb70008','BUY','402888e8759dfd9b01759dfdc66f0000'),('4028819b7887f2f2017887f47c070001',NULL,100000.00,0.00,'2021-03-30 16:34:09','4028819b7887f2f2017887f47bf80000','DEPOSIT','402888e8759dfd9b01759dfdc66f0000'),('4028819b7887f2f2017887f626dd0004','2c9fa2f9764202850176420f2f660004',0.00,100108.80,'2021-03-30 16:35:59','4028819b7887f2f2017887f626dd0002','BUY','402888e8759dfd9b01759dfdc66f0000'),('4028819b7887f2f201788c621e2b000e',NULL,250000.00,0.00,'2021-04-01 13:12:23','4028819b7887f2f201788c621e2a000d','DEPOSIT','18e9bd7b-92ba-11eb-ba5a-74d83e4ed2c9'),('4028819b7887f2f201788c626a6e0011','4028819b7887f2f201788c5e798c0007',0.00,237632.00,'2021-04-01 13:12:43','4028819b7887f2f201788c626a6e000f','BUY','18e9bd7b-92ba-11eb-ba5a-74d83e4ed2c9'),('4028819b79167aee0179172593190005','4028b60178af28850178b59559bf0002',0.00,99097.60,'2021-04-28 11:53:29','4028819b79167aee0179172593180003','BUY','402888e8759dfd9b01759dfdc66f0000'),('4028b60178af28850178b54e452a0001',NULL,100000.00,0.00,'2021-04-09 11:55:08','4028b60178af28850178b54e44ef0000','DEPOSIT','402888e8759dfd9b01759dfdc66f0000'),('4028b60178af28850178b5966e060005','4028b60178af28850178b59559bf0002',0.00,98743.68,'2021-04-09 13:13:57','4028b60178af28850178b5966e050003','BUY','402888e8759dfd9b01759dfdc66f0000'),('4028b60178af28850178b67409530008','4028819b7887f2f201788c5e798c0007',286752.00,0.00,'2021-04-09 17:16:00','4028b60178af28850178b67409270006','SALE','18e9bd7b-92ba-11eb-ba5a-74d83e4ed2c9');
/*!40000 ALTER TABLE `cash_book` ENABLE KEYS */;
UNLOCK TABLES;

--
-- Table structure for table `child_stock_dto`
--

DROP TABLE IF EXISTS `child_stock_dto`;
/*!40101 SET @saved_cs_client     = @@character_set_client */;
/*!50503 SET character_set_client = utf8mb4 */;
CREATE TABLE `child_stock_dto` (
  `id` varchar(255) NOT NULL,
  `amount` decimal(19,2) DEFAULT NULL,
  `chargers` decimal(19,2) DEFAULT NULL,
  `company` varchar(255) DEFAULT NULL,
  `company_id` varchar(255) DEFAULT NULL,
  `date` varchar(255) DEFAULT NULL,
  `lot_number` varchar(255) DEFAULT NULL,
  `price` decimal(19,2) DEFAULT NULL,
  `qty` decimal(19,2) DEFAULT NULL,
  PRIMARY KEY (`id`)
) ENGINE=InnoDB DEFAULT CHARSET=latin1;
/*!40101 SET character_set_client = @saved_cs_client */;

--
-- Dumping data for table `child_stock_dto`
--

LOCK TABLES `child_stock_dto` WRITE;
/*!40000 ALTER TABLE `child_stock_dto` DISABLE KEYS */;
/*!40000 ALTER TABLE `child_stock_dto` ENABLE KEYS */;
UNLOCK TABLES;

--
-- Table structure for table `commission`
--

DROP TABLE IF EXISTS `commission`;
/*!40101 SET @saved_cs_client     = @@character_set_client */;
/*!50503 SET character_set_client = utf8mb4 */;
CREATE TABLE `commission` (
  `id` varchar(255) NOT NULL,
  `commission_amount` decimal(19,2) NOT NULL,
  PRIMARY KEY (`id`)
) ENGINE=InnoDB DEFAULT CHARSET=latin1;
/*!40101 SET character_set_client = @saved_cs_client */;

--
-- Dumping data for table `commission`
--

LOCK TABLES `commission` WRITE;
/*!40000 ALTER TABLE `commission` DISABLE KEYS */;
INSERT INTO `commission` VALUES ('84fef6cd-2d7f-11eb-8788-0a075ba8efd2',1.12);
/*!40000 ALTER TABLE `commission` ENABLE KEYS */;
UNLOCK TABLES;

--
-- Table structure for table `companies`
--

DROP TABLE IF EXISTS `companies`;
/*!40101 SET @saved_cs_client     = @@character_set_client */;
/*!50503 SET character_set_client = utf8mb4 */;
CREATE TABLE `companies` (
  `id` varchar(255) NOT NULL,
  `code` varchar(255) NOT NULL,
  `name` varchar(255) NOT NULL,
  PRIMARY KEY (`id`),
  UNIQUE KEY `COMPANY_INDEX_0` (`name`),
  UNIQUE KEY `COMPANY_INDEX_1` (`code`)
) ENGINE=InnoDB DEFAULT CHARSET=latin1;
/*!40101 SET character_set_client = @saved_cs_client */;

--
-- Dumping data for table `companies`
--

LOCK TABLES `companies` WRITE;
/*!40000 ALTER TABLE `companies` DISABLE KEYS */;
INSERT INTO `companies` VALUES ('2c9fa2f975f4be050175f4de331a0000','SFIN.0000','Singer Finance (Lanka) PLC'),('2c9fa2f9764202850176420dfda10001','COMB.N0000','Commercial Bank of Ceylon PLC'),('2c9fa2f9764202850176420e86210002','DFCC.N0000','DFCC BANK PLC'),('2c9fa2f9764202850176420ee4020003','ASPH.N0000','INDUSTRIAL ASPHALTS (CEYLON) PLC'),('2c9fa2f9764202850176420f2f660004','BIL.N0000','BROWNS INVESTMENTS PLC'),('2c9fa2f9764202850176420f92740005','GLAS.N0000','PIRAMAL GLASS CEYLON PLC'),('2c9fa2f9764202850176420fefc70006','HHL.N0000','HEMAS HOLDINGS PLC'),('2c9fa2f9764202850176421052df0007','EXPO.N0000','EXPOLANKA HOLDINGS PLC'),('2c9fa2f976420285017642109f4a0008','MGT.N0000','HAYLEYS FABRIC PLC'),('2c9fa2f97642028501764211693d000a','NDB.N0000','NATIONAL DEVELOPMENT BANK PLC'),('2c9fa2f9768f4f200176b245ef07001b','LWL.N0000','LANKA WALLTILE PLC'),('2c9fa2f976ce12820176d141ecc30005','LHCL.N0000','LANKA HOSPITALS CORPARATION PLC'),('2c9faba477c4856f01782512412d0006','DOCK.N0000','Colombo Dockyard PLC'),('2c9faba477c4856f01783516a941000f','HEXP.N0000','Hayleys Fibre PLCC'),('4028819b7887f2f201788c5e798c0007','DIPD.N0000','Dipped Products PLC'),('4028b60178af28850178b59559bf0002','SAMP.N0000','Sampath Bank');
/*!40000 ALTER TABLE `companies` ENABLE KEYS */;
UNLOCK TABLES;

--
-- Table structure for table `deposit`
--

DROP TABLE IF EXISTS `deposit`;
/*!40101 SET @saved_cs_client     = @@character_set_client */;
/*!50503 SET character_set_client = utf8mb4 */;
CREATE TABLE `deposit` (
  `id` varchar(255) NOT NULL,
  `amount` decimal(19,2) DEFAULT NULL,
  `date` datetime DEFAULT NULL,
  `user_id` varchar(255) DEFAULT NULL,
  PRIMARY KEY (`id`)
) ENGINE=InnoDB DEFAULT CHARSET=latin1;
/*!40101 SET character_set_client = @saved_cs_client */;

--
-- Dumping data for table `deposit`
--

LOCK TABLES `deposit` WRITE;
/*!40000 ALTER TABLE `deposit` DISABLE KEYS */;
INSERT INTO `deposit` VALUES ('2c91f2a17911554e0179129679690000',100000.00,'2021-04-27 14:38:41','402888e8759dfd9b01759dfdc66f0000'),('2c9fa2f9763d047c01763d1b93950004',95000.00,'2020-06-23 18:30:00','402888e8759dfd9b01759dfdc66f0000'),('2c9fa2f9763d047c01763d1c06cd0006',50000.00,'2020-09-02 18:30:00','402888e8759dfd9b01759dfdc66f0000'),('2c9fa2f9763d047c01763d1c61fa0008',40000.00,'2020-09-28 18:30:00','402888e8759dfd9b01759dfdc66f0000'),('2c9fa2f9763d22a901763d22bda90000',40000.00,'2020-10-28 18:30:00','402888e8759dfd9b01759dfdc66f0000'),('2c9fa2f9763d22a901763d2341b60002',400000.00,'2020-11-02 18:30:00','402888e8759dfd9b01759dfdc66f0000'),('2c9fa2f9763d22a901763d236bcf0004',500.00,'2020-11-02 18:30:00','402888e8759dfd9b01759dfdc66f0000'),('2c9fa2f9763d22a901763d23e4650006',200000.00,'2020-12-03 18:30:00','402888e8759dfd9b01759dfdc66f0000'),('2c9faba476ff130f0176ff38d6160003',300000.00,'2021-01-13 10:18:03','2c9fa2f976cb7e720176cb7f3ddb0000'),('2c9faba4770433dc01774cf4aa72002d',30000.00,'2021-01-29 12:33:58','402888e8759dfd9b01759dfdc66f0000'),('2c9faba477c4856f0178150461240000',25000.00,'2021-03-08 08:55:11','402888e8759dfd9b01759dfdc66f0000'),('2c9faba477c4856f0178251592d7000a',100000.00,'2021-03-01 11:47:54','2c9faba477c4856f017824dfa2160005'),('2c9faba4783ed4a101783ed565050000',120000.00,'2021-03-17 11:47:55','402888e8759dfd9b01759dfdc66f0000'),('4028819b7887f2f2017887f47bf80000',100000.00,'2021-03-30 16:34:09','402888e8759dfd9b01759dfdc66f0000'),('4028819b7887f2f201788c621e2a000d',250000.00,'2021-04-01 13:12:23','18e9bd7b-92ba-11eb-ba5a-74d83e4ed2c9'),('4028b60178af28850178b54e44ef0000',100000.00,'2021-04-09 11:55:08','402888e8759dfd9b01759dfdc66f0000');
/*!40000 ALTER TABLE `deposit` ENABLE KEYS */;
UNLOCK TABLES;

--
-- Table structure for table `deposit_dto`
--

DROP TABLE IF EXISTS `deposit_dto`;
/*!40101 SET @saved_cs_client     = @@character_set_client */;
/*!50503 SET character_set_client = utf8mb4 */;
CREATE TABLE `deposit_dto` (
  `id` varchar(255) NOT NULL,
  `amount` decimal(19,2) DEFAULT NULL,
  `date` varchar(255) DEFAULT NULL,
  `user_id` varchar(255) DEFAULT NULL,
  PRIMARY KEY (`id`)
) ENGINE=InnoDB DEFAULT CHARSET=latin1;
/*!40101 SET character_set_client = @saved_cs_client */;

--
-- Dumping data for table `deposit_dto`
--

LOCK TABLES `deposit_dto` WRITE;
/*!40000 ALTER TABLE `deposit_dto` DISABLE KEYS */;
/*!40000 ALTER TABLE `deposit_dto` ENABLE KEYS */;
UNLOCK TABLES;

--
-- Table structure for table `dividend_dto`
--

DROP TABLE IF EXISTS `dividend_dto`;
/*!40101 SET @saved_cs_client     = @@character_set_client */;
/*!50503 SET character_set_client = utf8mb4 */;
CREATE TABLE `dividend_dto` (
  `id` varchar(255) NOT NULL,
  `amount` decimal(19,2) DEFAULT NULL,
  `company` varchar(255) DEFAULT NULL,
  `div_date` varchar(255) DEFAULT NULL,
  `equity` decimal(19,2) DEFAULT NULL,
  `price` decimal(19,2) DEFAULT NULL,
  `xdate` varchar(255) DEFAULT NULL,
  PRIMARY KEY (`id`)
) ENGINE=InnoDB DEFAULT CHARSET=latin1;
/*!40101 SET character_set_client = @saved_cs_client */;

--
-- Dumping data for table `dividend_dto`
--

LOCK TABLES `dividend_dto` WRITE;
/*!40000 ALTER TABLE `dividend_dto` DISABLE KEYS */;
/*!40000 ALTER TABLE `dividend_dto` ENABLE KEYS */;
UNLOCK TABLES;

--
-- Table structure for table `divident`
--

DROP TABLE IF EXISTS `divident`;
/*!40101 SET @saved_cs_client     = @@character_set_client */;
/*!50503 SET character_set_client = utf8mb4 */;
CREATE TABLE `divident` (
  `id` varchar(255) NOT NULL,
  `cash_amount` decimal(19,2) DEFAULT NULL,
  `cash_available` tinyint(1) DEFAULT '0',
  `company` varchar(255) NOT NULL,
  `current_price` decimal(19,2) DEFAULT NULL,
  `div_date` datetime NOT NULL,
  `divxd_date` datetime DEFAULT NULL,
  `equity` decimal(19,2) DEFAULT NULL,
  `equity_available` tinyint(1) DEFAULT '0',
  `user_id` varchar(255) DEFAULT NULL,
  PRIMARY KEY (`id`)
) ENGINE=InnoDB DEFAULT CHARSET=latin1;
/*!40101 SET character_set_client = @saved_cs_client */;

--
-- Dumping data for table `divident`
--

LOCK TABLES `divident` WRITE;
/*!40000 ALTER TABLE `divident` DISABLE KEYS */;
INSERT INTO `divident` VALUES ('2c9faba476ff130f0176ff3b29470007',0.00,0,'2c9fa2f9764202850176420dfda10001',85.00,'2021-01-14 10:20:35','2021-01-14 00:00:00',19.00,1,'2c9fa2f976cb7e720176cb7f3ddb0000');
/*!40000 ALTER TABLE `divident` ENABLE KEYS */;
UNLOCK TABLES;

--
-- Table structure for table `monthlydbsptemplate_dto`
--

DROP TABLE IF EXISTS `monthlydbsptemplate_dto`;
/*!40101 SET @saved_cs_client     = @@character_set_client */;
/*!50503 SET character_set_client = utf8mb4 */;
CREATE TABLE `monthlydbsptemplate_dto` (
  `id` int NOT NULL,
  `buy` decimal(19,2) DEFAULT NULL,
  `deposit` decimal(19,2) DEFAULT NULL,
  `period` varchar(255) DEFAULT NULL,
  `profit` decimal(19,2) DEFAULT NULL,
  `sell` decimal(19,2) DEFAULT NULL,
  PRIMARY KEY (`id`)
) ENGINE=InnoDB DEFAULT CHARSET=latin1;
/*!40101 SET character_set_client = @saved_cs_client */;

--
-- Dumping data for table `monthlydbsptemplate_dto`
--

LOCK TABLES `monthlydbsptemplate_dto` WRITE;
/*!40000 ALTER TABLE `monthlydbsptemplate_dto` DISABLE KEYS */;
/*!40000 ALTER TABLE `monthlydbsptemplate_dto` ENABLE KEYS */;
UNLOCK TABLES;

--
-- Table structure for table `previous_deposits`
--

DROP TABLE IF EXISTS `previous_deposits`;
/*!40101 SET @saved_cs_client     = @@character_set_client */;
/*!50503 SET character_set_client = utf8mb4 */;
CREATE TABLE `previous_deposits` (
  `id` varchar(255) NOT NULL,
  `current_month_deposit` decimal(19,2) DEFAULT NULL,
  `total_deposit` decimal(19,2) DEFAULT NULL,
  PRIMARY KEY (`id`)
) ENGINE=InnoDB DEFAULT CHARSET=latin1;
/*!40101 SET character_set_client = @saved_cs_client */;

--
-- Dumping data for table `previous_deposits`
--

LOCK TABLES `previous_deposits` WRITE;
/*!40000 ALTER TABLE `previous_deposits` DISABLE KEYS */;
/*!40000 ALTER TABLE `previous_deposits` ENABLE KEYS */;
UNLOCK TABLES;

--
-- Table structure for table `profit_details_dto`
--

DROP TABLE IF EXISTS `profit_details_dto`;
/*!40101 SET @saved_cs_client     = @@character_set_client */;
/*!50503 SET character_set_client = utf8mb4 */;
CREATE TABLE `profit_details_dto` (
  `id` varchar(255) NOT NULL,
  `code` varchar(255) DEFAULT NULL,
  `name` varchar(255) DEFAULT NULL,
  `profit` decimal(19,2) DEFAULT NULL,
  `purchase_amount` decimal(19,2) DEFAULT NULL,
  `sales_amount` decimal(19,2) DEFAULT NULL,
  `sales_date` varchar(255) DEFAULT NULL,
  PRIMARY KEY (`id`)
) ENGINE=InnoDB DEFAULT CHARSET=latin1;
/*!40101 SET character_set_client = @saved_cs_client */;

--
-- Dumping data for table `profit_details_dto`
--

LOCK TABLES `profit_details_dto` WRITE;
/*!40000 ALTER TABLE `profit_details_dto` DISABLE KEYS */;
/*!40000 ALTER TABLE `profit_details_dto` ENABLE KEYS */;
UNLOCK TABLES;

--
-- Table structure for table `purchase`
--

DROP TABLE IF EXISTS `purchase`;
/*!40101 SET @saved_cs_client     = @@character_set_client */;
/*!50503 SET character_set_client = utf8mb4 */;
CREATE TABLE `purchase` (
  `id` varchar(255) NOT NULL,
  `commission` decimal(19,2) DEFAULT NULL,
  `company` varchar(255) DEFAULT NULL,
  `net_amount` decimal(19,2) DEFAULT NULL,
  `price` decimal(19,2) DEFAULT NULL,
  `qty` decimal(19,2) DEFAULT NULL,
  `total_amount` decimal(19,2) DEFAULT NULL,
  `trans_date` datetime DEFAULT NULL,
  `user_id` varchar(255) DEFAULT NULL,
  PRIMARY KEY (`id`),
  KEY `PURCHASE_INDEX_0` (`user_id`),
  KEY `PURCHASE_INDEX_1` (`company`)
) ENGINE=InnoDB DEFAULT CHARSET=latin1;
/*!40101 SET character_set_client = @saved_cs_client */;

--
-- Dumping data for table `purchase`
--

LOCK TABLES `purchase` WRITE;
/*!40000 ALTER TABLE `purchase` DISABLE KEYS */;
INSERT INTO `purchase` VALUES ('2c917d2178c3fec60178e8241b550000',3264.80,'2c9fa2f9764202850176421052df0007',294764.80,53.00,5500.00,291500.00,'2021-04-15 08:49:43','18e9bd7b-92ba-11eb-ba5a-74d83e4ed2c9'),('2c9fa2f9764202850176422847560014',1127.17,'2c9fa2f9764202850176420e86210002',101767.17,62.90,1600.00,100640.00,'2020-08-20 18:30:00','402888e8759dfd9b01759dfdc66f0000'),('2c9fa2f9764202850176422b0c19001a',5.61,'2c9fa2f9764202850176420f2f660004',506.81,2.80,179.00,501.20,'2020-09-29 18:30:00','402888e8759dfd9b01759dfdc66f0000'),('2c9fa2f9764202850176422bb92c001d',6.12,'2c9fa2f9764202850176420f2f660004',552.12,2.80,195.00,546.00,'2020-10-07 18:30:00','402888e8759dfd9b01759dfdc66f0000'),('2c9fa2f9764202850176422c61480020',152.32,'2c9fa2f9764202850176420f92740005',13752.32,6.80,2000.00,13600.00,'2020-11-03 18:30:00','402888e8759dfd9b01759dfdc66f0000'),('2c9fa2f9764250fb017642511d0f0000',225.12,'2c9fa2f9764202850176420f92740005',20325.12,6.70,3000.00,20100.00,'2020-11-03 18:30:00','402888e8759dfd9b01759dfdc66f0000'),('2c9fa2f9764250fb01764251fdac0003',70.22,'2c9fa2f9764202850176420f92740005',6340.22,6.60,950.00,6270.00,'2020-11-03 18:30:00','402888e8759dfd9b01759dfdc66f0000'),('2c9fa2f9764250fb01764252b52e0006',767.20,'2c9fa2f9764202850176420fefc70006',69267.20,68.50,1000.00,68500.00,'2020-11-05 18:30:00','402888e8759dfd9b01759dfdc66f0000'),('2c9fa2f9764250fb01764253c41f000c',761.60,'2c9fa2f9764202850176420fefc70006',68761.60,68.00,1000.00,68000.00,'2020-11-05 18:30:00','402888e8759dfd9b01759dfdc66f0000'),('2c9fa2f9764250fb017642559a56000f',816.48,'2c9fa2f9764202850176420dfda10001',73716.48,72.90,1000.00,72900.00,'2020-11-05 18:30:00','402888e8759dfd9b01759dfdc66f0000'),('2c9fa2f9764250fb01764256ee8d0019',1316.00,'2c9fa2f9764202850176421052df0007',118816.00,23.50,5000.00,117500.00,'2020-11-09 18:30:00','402888e8759dfd9b01759dfdc66f0000'),('2c9fa2f97643c3e9017643c4f3840005',1164.80,'2c9fa2f9764202850176420f2f660004',105164.80,2.60,40000.00,104000.00,'2020-11-11 18:30:00','402888e8759dfd9b01759dfdc66f0000'),('2c9fa2f97643c3e9017643c5ceab0008',548.80,'2c9fa2f976420285017642109f4a0008',49548.80,24.50,2000.00,49000.00,'2020-11-11 18:30:00','402888e8759dfd9b01759dfdc66f0000'),('2c9fa2f97643c3e9017643c65906000b',700.00,'2c9fa2f9764202850176420f2f660004',63200.00,2.50,25000.00,62500.00,'2020-11-11 18:30:00','402888e8759dfd9b01759dfdc66f0000'),('2c9fa2f97643c3e9017643c834590011',823.20,'2c9fa2f975f4be050175f4de331a0000',74323.20,14.70,5000.00,73500.00,'2020-11-10 18:30:00','402888e8759dfd9b01759dfdc66f0000'),('2c9fa2f97643c3e9017643c8e7750014',296.80,'2c9fa2f9764202850176421052df0007',26796.80,26.50,1000.00,26500.00,'2020-11-10 18:30:00','402888e8759dfd9b01759dfdc66f0000'),('2c9fa2f97643c3e9017643c9764f0017',784.00,'2c9fa2f975f4be050175f4de331a0000',70784.00,14.00,5000.00,70000.00,'2020-11-10 18:30:00','402888e8759dfd9b01759dfdc66f0000'),('2c9fa2f97643c3e9017643ca039e001a',59.14,'2c9fa2f975f4be050175f4de331a0000',5339.14,13.20,400.00,5280.00,'2020-11-20 18:30:00','402888e8759dfd9b01759dfdc66f0000'),('2c9fa2f97643cba5017643cccbcc0003',589.12,'2c9fa2f9764202850176421052df0007',53189.12,26.30,2000.00,52600.00,'2020-12-03 18:30:00','402888e8759dfd9b01759dfdc66f0000'),('2c9fa2f97643cba5017643cd86ea0006',756.00,'2c9fa2f975f4be050175f4de331a0000',68256.00,13.50,5000.00,67500.00,'2020-12-03 18:30:00','402888e8759dfd9b01759dfdc66f0000'),('2c9fa2f97643cba5017643cdfc550009',1439.20,'2c9fa2f9764202850176421052df0007',129939.20,25.70,5000.00,128500.00,'2020-12-04 18:30:00','402888e8759dfd9b01759dfdc66f0000'),('2c9fa2f97643cba5017643ce90d4000c',263.42,'2c9fa2f97642028501764211693d000a',23783.42,78.40,300.00,23520.00,'2020-12-07 18:30:00','402888e8759dfd9b01759dfdc66f0000'),('2c9fa2f97643d95a0176469d60c20000',1983.52,'2c9fa2f9764202850176420f2f660004',179083.52,3.50,50600.00,177100.00,'2020-12-09 18:30:00','402888e8759dfd9b01759dfdc66f0000'),('2c9fa2f976473dfa0176474bf60f0003',1045.60,'2c9fa2f9764202850176420dfda10001',94403.04,74.21,1258.00,93357.44,'2020-06-26 18:30:00','402888e8759dfd9b01759dfdc66f0000'),('2c9fa2f9768f4f20017693fc45e3000c',2607.36,'2c9fa2f97642028501764211693d000a',235407.36,77.60,3000.00,232800.00,'2020-12-24 18:30:00','402888e8759dfd9b01759dfdc66f0000'),('2c9fa2f9768f4f200176a932550f0012',336.00,'2c9fa2f9764202850176420ee4020003',30336.00,0.30,100000.00,30000.00,'2020-09-03 18:30:00','402888e8759dfd9b01759dfdc66f0000'),('2c9fa2f9768f4f200176a93329900015',235.20,'2c9fa2f9764202850176420ee4020003',21235.20,0.30,70000.00,21000.00,'2020-09-03 18:30:00','402888e8759dfd9b01759dfdc66f0000'),('2c9fa2f9768f4f200176a93409e60018',436.80,'2c9fa2f9764202850176420ee4020003',39437.10,0.30,130001.00,39000.30,'2020-09-30 18:30:00','402888e8759dfd9b01759dfdc66f0000'),('2c9fa2f9768f4f200176b24684dc001c',1612.80,'2c9fa2f9768f4f200176b245ef07001b',145612.80,144.00,1000.00,144000.00,'2020-12-30 18:30:00','402888e8759dfd9b01759dfdc66f0000'),('2c9fa2f976b299920176b299b4f50000',1361.36,'2c9fa2f9768f4f200176b245ef07001b',122911.36,143.00,850.00,121550.00,'2020-12-30 18:30:00','402888e8759dfd9b01759dfdc66f0000'),('2c9fa2f976ce12820176d14292c10006',2348.08,'2c9fa2f976ce12820176d141ecc30005',211998.08,59.90,3500.00,209650.00,'2021-01-05 12:06:09','402888e8759dfd9b01759dfdc66f0000'),('2c9fa2f976ce12820176d16d8c960009',1662.75,'2c9fa2f976ce12820176d141ecc30005',150122.75,57.10,2600.00,148460.00,'2021-01-05 12:53:06','402888e8759dfd9b01759dfdc66f0000'),('2c9fa2f976d71e170176d722b1ea0000',191.11,'2c9fa2f976ce12820176d141ecc30005',17254.11,56.50,302.00,17063.00,'2021-01-06 15:29:03','402888e8759dfd9b01759dfdc66f0000'),('2c9fa2f976db6ad00176db6c2e430000',1764.00,'2c9fa2f9764202850176420f2f660004',159264.00,6.30,25000.00,157500.00,'2021-01-07 11:27:48','402888e8759dfd9b01759dfdc66f0000'),('2c9faba476ff130f0176ff3869410000',2240.00,'2c9fa2f9764202850176420dfda10001',202240.00,80.00,2500.00,200000.00,'2021-01-14 10:17:35','2c9fa2f976cb7e720176cb7f3ddb0000'),('2c9faba4770433dc017719a258e60008',575.68,'2c9fa2f9764202850176421052df0007',51975.68,51.40,1000.00,51400.00,'2021-01-19 13:23:25','402888e8759dfd9b01759dfdc66f0000'),('2c9faba4770433dc017719c04aee000b',1120.00,'2c9fa2f9764202850176421052df0007',101120.00,50.00,2000.00,100000.00,'2021-01-19 13:56:08','402888e8759dfd9b01759dfdc66f0000'),('2c9faba4770433dc01771e4a6e23000e',1400.00,'2c9fa2f9764202850176421052df0007',126400.00,50.00,2500.00,125000.00,'2021-01-20 11:05:30','402888e8759dfd9b01759dfdc66f0000'),('2c9faba4770433dc01772437ad350014',1209.60,'2c9fa2f976ce12820176d141ecc30005',109209.60,54.00,2000.00,108000.00,'2021-01-20 14:42:44','402888e8759dfd9b01759dfdc66f0000'),('2c9faba4770433dc0177397625ab001e',1324.83,'2c9fa2f976ce12820176d141ecc30005',119613.33,53.50,2211.00,118288.50,'2021-01-25 17:43:00','402888e8759dfd9b01759dfdc66f0000'),('2c9faba4770433dc01773dea60bc0021',683.20,'2c9fa2f9764202850176421052df0007',61683.20,61.00,1000.00,61000.00,'2021-01-26 14:28:26','402888e8759dfd9b01759dfdc66f0000'),('2c9faba4770433dc0177426bf5830024',960.96,'2c9fa2f9764202850176421052df0007',86760.96,57.20,1500.00,85800.00,'2021-01-27 11:28:27','402888e8759dfd9b01759dfdc66f0000'),('2c9faba4770433dc0177427ac1110027',640.64,'2c9fa2f9764202850176421052df0007',57840.64,57.20,1000.00,57200.00,'2021-01-27 11:44:37','402888e8759dfd9b01759dfdc66f0000'),('2c9faba4770433dc01774cd65def002a',50.40,'2c9fa2f9764202850176421052df0007',4550.40,45.00,100.00,4500.00,'2021-01-29 12:00:53','402888e8759dfd9b01759dfdc66f0000'),('2c9faba4770433dc01775c1d315d0032',336.00,'2c9fa2f9764202850176421052df0007',30336.00,50.00,600.00,30000.00,'2021-01-29 11:12:33','402888e8759dfd9b01759dfdc66f0000'),('2c9faba477c4856f017815b944570002',280.90,'2c9fa2f976ce12820176d141ecc30005',25360.90,41.80,600.00,25080.00,'2021-03-09 12:12:46','402888e8759dfd9b01759dfdc66f0000'),('2c9faba477c4856f017825164bd8000c',251.33,'2c9faba477c4856f01782512412d0006',22691.33,74.80,300.00,22440.00,'2021-03-12 11:48:41','2c9faba477c4856f017824dfa2160005'),('2c9faba477c4856f0178351787410010',535.36,'2c9faba477c4856f01783516a941000f',48335.36,47.80,1000.00,47800.00,'2021-03-15 14:23:57','2c9faba477c4856f017824dfa2160005'),('2c9faba4783ed4a10178443fb9890005',494.03,'2c9fa2f976ce12820176d141ecc30005',44604.03,40.10,1100.00,44110.00,'2021-03-17 13:02:10','402888e8759dfd9b01759dfdc66f0000'),('2c9faba4783ed4a1017845c3dbb70008',830.87,'2c9fa2f976ce12820176d141ecc30005',75015.87,40.10,1850.00,74185.00,'2021-03-18 20:06:06','402888e8759dfd9b01759dfdc66f0000'),('4028819b7887f2f2017887f626dd0002',1108.80,'2c9fa2f9764202850176420f2f660004',100108.80,5.50,18000.00,99000.00,'2021-03-30 16:35:59','402888e8759dfd9b01759dfdc66f0000'),('4028819b7887f2f201788c626a6e000f',2632.00,'4028819b7887f2f201788c5e798c0007',237632.00,47.00,5000.00,235000.00,'2021-04-01 13:12:43','18e9bd7b-92ba-11eb-ba5a-74d83e4ed2c9'),('4028819b79167aee0179172593180003',1097.60,'4028b60178af28850178b59559bf0002',99097.60,49.00,2000.00,98000.00,'2021-04-28 11:53:29','402888e8759dfd9b01759dfdc66f0000'),('4028b60178af28850178b5966e050003',1093.68,'4028b60178af28850178b59559bf0002',98743.68,55.80,1750.00,97650.00,'2021-04-09 13:13:57','402888e8759dfd9b01759dfdc66f0000');
/*!40000 ALTER TABLE `purchase` ENABLE KEYS */;
UNLOCK TABLES;

--
-- Table structure for table `purchase_data_dto`
--

DROP TABLE IF EXISTS `purchase_data_dto`;
/*!40101 SET @saved_cs_client     = @@character_set_client */;
/*!50503 SET character_set_client = utf8mb4 */;
CREATE TABLE `purchase_data_dto` (
  `id` varchar(255) NOT NULL,
  `commission` decimal(19,2) DEFAULT NULL,
  `company` varchar(255) DEFAULT NULL,
  `net_amount` decimal(19,2) DEFAULT NULL,
  `price` decimal(19,2) DEFAULT NULL,
  `qty` decimal(19,2) DEFAULT NULL,
  `total_amount` decimal(19,2) DEFAULT NULL,
  `trans_date` varchar(255) DEFAULT NULL,
  `user_id` varchar(255) DEFAULT NULL,
  PRIMARY KEY (`id`)
) ENGINE=InnoDB DEFAULT CHARSET=latin1;
/*!40101 SET character_set_client = @saved_cs_client */;

--
-- Dumping data for table `purchase_data_dto`
--

LOCK TABLES `purchase_data_dto` WRITE;
/*!40000 ALTER TABLE `purchase_data_dto` DISABLE KEYS */;
/*!40000 ALTER TABLE `purchase_data_dto` ENABLE KEYS */;
UNLOCK TABLES;

--
-- Table structure for table `sales`
--

DROP TABLE IF EXISTS `sales`;
/*!40101 SET @saved_cs_client     = @@character_set_client */;
/*!50503 SET character_set_client = utf8mb4 */;
CREATE TABLE `sales` (
  `id` varchar(255) NOT NULL,
  `commission` decimal(19,2) DEFAULT NULL,
  `commission_rate` decimal(19,2) DEFAULT NULL,
  `company` varchar(255) DEFAULT NULL,
  `net_amount` decimal(19,2) DEFAULT NULL,
  `price` decimal(19,2) DEFAULT NULL,
  `purchase_id` varchar(255) DEFAULT NULL,
  `qty` decimal(19,2) DEFAULT NULL,
  `total_amount` decimal(19,2) DEFAULT NULL,
  `trans_date` datetime DEFAULT NULL,
  `user_id` varchar(255) DEFAULT NULL,
  PRIMARY KEY (`id`),
  KEY `SALES_INDEX_0` (`user_id`),
  KEY `SALES_INDEX_1` (`company`),
  KEY `SALES_INDEX_2` (`purchase_id`)
) ENGINE=InnoDB DEFAULT CHARSET=latin1;
/*!40101 SET character_set_client = @saved_cs_client */;

--
-- Dumping data for table `sales`
--

LOCK TABLES `sales` WRITE;
/*!40000 ALTER TABLE `sales` DISABLE KEYS */;
INSERT INTO `sales` VALUES ('2c9fa2f9764250fb017642566d950012',533.12,NULL,'2c9fa2f9764202850176420f92740005',47066.88,8.00,'2c9fa2f9764202850176422c61480020',5950.00,47600.00,'2020-11-06 18:30:00','402888e8759dfd9b01759dfdc66f0000'),('2c9fa2f97643c3e9017643c40f200000',1624.00,NULL,'2c9fa2f9764202850176420fefc70006',143376.00,72.50,'2c9fa2f9764250fb01764252b52e0006',2000.00,145000.00,'2020-11-10 18:30:00','402888e8759dfd9b01759dfdc66f0000'),('2c9fa2f97643c3e9017643c7944a000e',1534.40,NULL,'2c9fa2f9764202850176421052df0007',135465.60,27.40,'2c9fa2f9764250fb01764256ee8d0019',5000.00,137000.00,'2020-11-10 18:30:00','402888e8759dfd9b01759dfdc66f0000'),('2c9fa2f97643cba5017643cbba1e0000',904.96,NULL,'2c9fa2f9764202850176420dfda10001',79895.04,80.80,'2c9fa2f9764250fb017642559a56000f',1000.00,80800.00,'2020-12-02 18:30:00','402888e8759dfd9b01759dfdc66f0000'),('2c9fa2f97643cba5017643cf51de000f',2196.57,NULL,'2c9fa2f9764202850176420f2f660004',193925.43,3.00,'2c9fa2f97643c3e9017643c4f3840005',65374.00,196122.00,'2020-12-08 18:30:00','402888e8759dfd9b01759dfdc66f0000'),('2c9fa2f976473dfa0176474c86090006',1169.44,NULL,'2c9fa2f9764202850176420dfda10001',103244.56,83.00,'2c9fa2f976473dfa0176474bf60f0003',1258.00,104414.00,'2020-08-18 18:30:00','402888e8759dfd9b01759dfdc66f0000'),('2c9fa2f9768f4f2001768f4f98ac0000',2673.44,NULL,'2c9fa2f975f4be050175f4de331a0000',236026.56,15.50,'2c9fa2f97643c3e9017643c9764f0017',15400.00,238700.00,'2020-12-21 18:30:00','402888e8759dfd9b01759dfdc66f0000'),('2c9fa2f9768f4f20017693fb24b40009',622.72,NULL,'2c9fa2f976420285017642109f4a0008',54977.28,27.80,'2c9fa2f97643c3e9017643c5ceab0008',2000.00,55600.00,'2020-12-24 18:30:00','402888e8759dfd9b01759dfdc66f0000'),('2c9fa2f9768f4f200176a7d6ff6e000f',2266.88,NULL,'2c9fa2f9764202850176420f2f660004',200133.12,4.00,'2c9fa2f97643d95a0176469d60c20000',50600.00,202400.00,'2020-12-28 18:30:00','402888e8759dfd9b01759dfdc66f0000'),('2c9fa2f976cc9c800176cc9d2dfa0000',2634.24,NULL,'2c9fa2f9764202850176421052df0007',232565.76,29.40,'2c9fa2f97643c3e9017643c8e7750014',8000.00,235200.00,'2021-01-04 08:57:01','402888e8759dfd9b01759dfdc66f0000'),('2c9fa2f976ce12820176d13cab7d0000',1748.15,NULL,'2c9fa2f9768f4f200176b245ef07001b',154336.85,164.30,'2c9fa2f9768f4f200176b24684dc001c',950.00,156085.00,'2021-01-05 11:59:42','402888e8759dfd9b01759dfdc66f0000'),('2c9fa2f976d29e480176d6369f7a0000',1634.98,NULL,'2c9fa2f9768f4f200176b245ef07001b',144345.02,162.20,'2c9fa2f9768f4f200176b24684dc001c',900.00,145980.00,'2021-01-06 11:11:12','402888e8759dfd9b01759dfdc66f0000'),('2c9faba476ff594d0176ff59fdbb0000',18.73,NULL,'2c9fa2f9764202850176420dfda10001',221653.27,88.00,'2c9faba476ff130f0176ff3869410000',2519.00,221672.00,'2021-01-14 10:54:16','2c9fa2f976cb7e720176cb7f3ddb0000'),('2c9faba4770433dc017719629e9d0000',1236.48,NULL,'2c9fa2f9764202850176420e86210002',109163.52,69.00,'2c9fa2f9764202850176422847560014',1600.00,110400.00,'2021-01-19 12:13:49','402888e8759dfd9b01759dfdc66f0000'),('2c9faba4770433dc0177198ad1d60003',3289.44,NULL,'2c9fa2f97642028501764211693d000a',290410.56,89.00,'2c9fa2f97643cba5017643ce90d4000c',3300.00,293700.00,'2021-01-19 12:57:44','402888e8759dfd9b01759dfdc66f0000'),('2c9faba4770433dc01773835e8c00017',3634.40,NULL,'2c9fa2f9764202850176421052df0007',320865.60,59.00,'2c9faba4770433dc017719a258e60008',5500.00,324500.00,'2021-01-25 11:53:13','402888e8759dfd9b01759dfdc66f0000'),('4028b60178af28850178b67409270006',3248.00,NULL,'4028819b7887f2f201788c5e798c0007',286752.00,58.00,'4028819b7887f2f201788c626a6e000f',5000.00,290000.00,'2021-04-09 17:16:00','18e9bd7b-92ba-11eb-ba5a-74d83e4ed2c9');
/*!40000 ALTER TABLE `sales` ENABLE KEYS */;
UNLOCK TABLES;

--
-- Table structure for table `stock_ledger`
--

DROP TABLE IF EXISTS `stock_ledger`;
/*!40101 SET @saved_cs_client     = @@character_set_client */;
/*!50503 SET character_set_client = utf8mb4 */;
CREATE TABLE `stock_ledger` (
  `id` varchar(255) NOT NULL,
  `commission_amount` decimal(19,2) NOT NULL,
  `commission_rate` decimal(19,2) NOT NULL,
  `company` varchar(255) NOT NULL,
  `in_amount` decimal(19,2) DEFAULT NULL,
  `lot_number` varchar(255) NOT NULL,
  `net_amount` decimal(19,2) NOT NULL,
  `out_amount` decimal(19,2) DEFAULT NULL,
  `out_stock` decimal(19,2) NOT NULL,
  `price` decimal(19,2) NOT NULL,
  `stock_in` decimal(19,2) NOT NULL,
  `total_amount` decimal(19,2) NOT NULL,
  `trans_date` datetime NOT NULL,
  `trans_id` varchar(255) NOT NULL,
  `trans_type` varchar(255) NOT NULL,
  `user_id` varchar(255) NOT NULL,
  PRIMARY KEY (`id`),
  KEY `STOCK_INDEX_0` (`lot_number`),
  KEY `STOCK_INDEX_1` (`trans_id`),
  KEY `STOCK_INDEX_2` (`user_id`),
  KEY `STOCK_INDEX_3` (`trans_type`),
  KEY `STOCK_INDEX_4` (`company`)
) ENGINE=InnoDB DEFAULT CHARSET=latin1;
/*!40101 SET character_set_client = @saved_cs_client */;

--
-- Dumping data for table `stock_ledger`
--

LOCK TABLES `stock_ledger` WRITE;
/*!40000 ALTER TABLE `stock_ledger` DISABLE KEYS */;
INSERT INTO `stock_ledger` VALUES ('2c917d2178c3fec60178e8241b690001',3264.80,1.12,'2c9fa2f9764202850176421052df0007',0.00,'a1a757a3-e192-40dc-97ac-1f6396b1cd3e',294764.80,294764.80,0.00,53.00,5500.00,291500.00,'2021-04-15 08:49:43','2c917d2178c3fec60178e8241b550000','BUY','18e9bd7b-92ba-11eb-ba5a-74d83e4ed2c9'),('2c9fa2f9764202850176422847560015',1127.17,1.12,'2c9fa2f9764202850176420e86210002',0.00,'af3042d2-0bfb-42a5-a5c3-f61a17995c84',101767.17,101767.17,0.00,62.90,1600.00,100640.00,'2020-08-20 18:30:00','2c9fa2f9764202850176422847560014','BUY','402888e8759dfd9b01759dfdc66f0000'),('2c9fa2f9764202850176422b0c19001b',5.61,1.12,'2c9fa2f9764202850176420f2f660004',0.00,'7de30093-cb7d-4756-9e2a-bc6e4c4240f1',506.81,506.81,0.00,2.80,179.00,501.20,'2020-09-29 18:30:00','2c9fa2f9764202850176422b0c19001a','BUY','402888e8759dfd9b01759dfdc66f0000'),('2c9fa2f9764202850176422bb92c001e',6.12,1.12,'2c9fa2f9764202850176420f2f660004',0.00,'92e75b0d-ac24-445b-8427-2b7e32c00ea5',552.12,552.12,0.00,2.80,195.00,546.00,'2020-10-07 18:30:00','2c9fa2f9764202850176422bb92c001d','BUY','402888e8759dfd9b01759dfdc66f0000'),('2c9fa2f9764202850176422c61480021',152.32,1.12,'2c9fa2f9764202850176420f92740005',0.00,'cca233d1-4c4d-4182-9402-bb8fbd80398d',13752.32,13752.32,0.00,6.80,2000.00,13600.00,'2020-11-03 18:30:00','2c9fa2f9764202850176422c61480020','BUY','402888e8759dfd9b01759dfdc66f0000'),('2c9fa2f9764250fb017642511d1d0001',225.12,1.12,'2c9fa2f9764202850176420f92740005',0.00,'7a389b6f-476d-4a2a-acff-86af3e3336c0',20325.12,20325.12,0.00,6.70,3000.00,20100.00,'2020-11-03 18:30:00','2c9fa2f9764250fb017642511d0f0000','BUY','402888e8759dfd9b01759dfdc66f0000'),('2c9fa2f9764250fb01764251fdad0004',70.22,1.12,'2c9fa2f9764202850176420f92740005',0.00,'65f44174-13fa-4065-80a5-c2776824cf7f',6340.22,6340.22,0.00,6.60,950.00,6270.00,'2020-11-03 18:30:00','2c9fa2f9764250fb01764251fdac0003','BUY','402888e8759dfd9b01759dfdc66f0000'),('2c9fa2f9764250fb01764252b52e0007',767.20,1.12,'2c9fa2f9764202850176420fefc70006',0.00,'93a72420-13a5-4eeb-ad10-b35ece166dfc',69267.20,69267.20,0.00,68.50,1000.00,68500.00,'2020-11-05 18:30:00','2c9fa2f9764250fb01764252b52e0006','BUY','402888e8759dfd9b01759dfdc66f0000'),('2c9fa2f9764250fb01764253c420000d',761.60,1.12,'2c9fa2f9764202850176420fefc70006',0.00,'6e73b6bd-b8e2-4705-939b-b1de902c0071',68761.60,68761.60,0.00,68.00,1000.00,68000.00,'2020-11-05 18:30:00','2c9fa2f9764250fb01764253c41f000c','BUY','402888e8759dfd9b01759dfdc66f0000'),('2c9fa2f9764250fb017642559a570010',816.48,1.12,'2c9fa2f9764202850176420dfda10001',0.00,'fa6a8960-b30f-4da4-b620-0af720d596a5',73716.48,73716.48,0.00,72.90,1000.00,72900.00,'2020-11-05 18:30:00','2c9fa2f9764250fb017642559a56000f','BUY','402888e8759dfd9b01759dfdc66f0000'),('2c9fa2f9764250fb017642566d950013',85.12,1.12,'2c9fa2f9764202850176420f92740005',0.00,'65f44174-13fa-4065-80a5-c2776824cf7f',7514.88,7514.88,950.00,8.00,0.00,7600.00,'2020-11-06 18:30:00','2c9fa2f9764250fb017642566d950012','SALE','402888e8759dfd9b01759dfdc66f0000'),('2c9fa2f9764250fb017642566d960014',268.80,1.12,'2c9fa2f9764202850176420f92740005',0.00,'7a389b6f-476d-4a2a-acff-86af3e3336c0',23731.20,23731.20,3000.00,8.00,0.00,24000.00,'2020-11-06 18:30:00','2c9fa2f9764250fb017642566d950012','SALE','402888e8759dfd9b01759dfdc66f0000'),('2c9fa2f9764250fb017642566d970015',179.20,1.12,'2c9fa2f9764202850176420f92740005',0.00,'cca233d1-4c4d-4182-9402-bb8fbd80398d',15820.80,15820.80,2000.00,8.00,0.00,16000.00,'2020-11-06 18:30:00','2c9fa2f9764250fb017642566d950012','SALE','402888e8759dfd9b01759dfdc66f0000'),('2c9fa2f9764250fb01764256ee8d001a',1316.00,1.12,'2c9fa2f9764202850176421052df0007',0.00,'9a509339-dfe6-44e2-8eff-bd2b0ab5ccb2',118816.00,118816.00,0.00,23.50,5000.00,117500.00,'2020-11-09 18:30:00','2c9fa2f9764250fb01764256ee8d0019','BUY','402888e8759dfd9b01759dfdc66f0000'),('2c9fa2f97643c3e9017643c40f290001',812.00,1.12,'2c9fa2f9764202850176420fefc70006',0.00,'6e73b6bd-b8e2-4705-939b-b1de902c0071',71688.00,71688.00,1000.00,72.50,0.00,72500.00,'2020-11-10 18:30:00','2c9fa2f97643c3e9017643c40f200000','SALE','402888e8759dfd9b01759dfdc66f0000'),('2c9fa2f97643c3e9017643c40f290002',812.00,1.12,'2c9fa2f9764202850176420fefc70006',0.00,'93a72420-13a5-4eeb-ad10-b35ece166dfc',71688.00,71688.00,1000.00,72.50,0.00,72500.00,'2020-11-10 18:30:00','2c9fa2f97643c3e9017643c40f200000','SALE','402888e8759dfd9b01759dfdc66f0000'),('2c9fa2f97643c3e9017643c4f3840006',1164.80,1.12,'2c9fa2f9764202850176420f2f660004',0.00,'f237362a-d230-43e6-b05a-e8a26dfa70eb',105164.80,105164.80,0.00,2.60,40000.00,104000.00,'2020-11-11 18:30:00','2c9fa2f97643c3e9017643c4f3840005','BUY','402888e8759dfd9b01759dfdc66f0000'),('2c9fa2f97643c3e9017643c5ceac0009',548.80,1.12,'2c9fa2f976420285017642109f4a0008',0.00,'61520c80-4746-45cd-a805-8ec32168f426',49548.80,49548.80,0.00,24.50,2000.00,49000.00,'2020-11-11 18:30:00','2c9fa2f97643c3e9017643c5ceab0008','BUY','402888e8759dfd9b01759dfdc66f0000'),('2c9fa2f97643c3e9017643c65907000c',700.00,1.12,'2c9fa2f9764202850176420f2f660004',0.00,'3e5c7c16-0d71-4d0c-894a-076870a42d91',63200.00,63200.00,0.00,2.50,25000.00,62500.00,'2020-11-11 18:30:00','2c9fa2f97643c3e9017643c65906000b','BUY','402888e8759dfd9b01759dfdc66f0000'),('2c9fa2f97643c3e9017643c7944b000f',1534.40,1.12,'2c9fa2f9764202850176421052df0007',0.00,'9a509339-dfe6-44e2-8eff-bd2b0ab5ccb2',135465.60,135465.60,5000.00,27.40,0.00,137000.00,'2020-11-10 18:30:00','2c9fa2f97643c3e9017643c7944a000e','SALE','402888e8759dfd9b01759dfdc66f0000'),('2c9fa2f97643c3e9017643c834590012',823.20,1.12,'2c9fa2f975f4be050175f4de331a0000',0.00,'308a4493-7309-4bb8-8cb3-fe9eed1466b6',74323.20,74323.20,0.00,14.70,5000.00,73500.00,'2020-11-10 18:30:00','2c9fa2f97643c3e9017643c834590011','BUY','402888e8759dfd9b01759dfdc66f0000'),('2c9fa2f97643c3e9017643c8e7760015',296.80,1.12,'2c9fa2f9764202850176421052df0007',0.00,'d75b8a8b-c51d-4b9a-a122-9a08fd5196a3',26796.80,26796.80,0.00,26.50,1000.00,26500.00,'2020-11-10 18:30:00','2c9fa2f97643c3e9017643c8e7750014','BUY','402888e8759dfd9b01759dfdc66f0000'),('2c9fa2f97643c3e9017643c9764f0018',784.00,1.12,'2c9fa2f975f4be050175f4de331a0000',0.00,'6f572f37-3928-4f0d-a757-20243962697a',70784.00,70784.00,0.00,14.00,5000.00,70000.00,'2020-11-10 18:30:00','2c9fa2f97643c3e9017643c9764f0017','BUY','402888e8759dfd9b01759dfdc66f0000'),('2c9fa2f97643c3e9017643ca039f001b',59.14,1.12,'2c9fa2f975f4be050175f4de331a0000',0.00,'429faadc-c79f-4b51-9dac-722e90323c01',5339.14,5339.14,0.00,13.20,400.00,5280.00,'2020-11-20 18:30:00','2c9fa2f97643c3e9017643ca039e001a','BUY','402888e8759dfd9b01759dfdc66f0000'),('2c9fa2f97643cba5017643cbba240001',904.96,1.12,'2c9fa2f9764202850176420dfda10001',0.00,'fa6a8960-b30f-4da4-b620-0af720d596a5',79895.04,79895.04,1000.00,80.80,0.00,80800.00,'2020-12-02 18:30:00','2c9fa2f97643cba5017643cbba1e0000','SALE','402888e8759dfd9b01759dfdc66f0000'),('2c9fa2f97643cba5017643cccbcc0004',589.12,1.12,'2c9fa2f9764202850176421052df0007',0.00,'8f0c3b15-27ec-4435-a12c-01a58f5d2148',53189.12,53189.12,0.00,26.30,2000.00,52600.00,'2020-12-03 18:30:00','2c9fa2f97643cba5017643cccbcc0003','BUY','402888e8759dfd9b01759dfdc66f0000'),('2c9fa2f97643cba5017643cd86ea0007',756.00,1.12,'2c9fa2f975f4be050175f4de331a0000',0.00,'4cf22964-d175-46a0-8120-aa89133db7dc',68256.00,68256.00,0.00,13.50,5000.00,67500.00,'2020-12-03 18:30:00','2c9fa2f97643cba5017643cd86ea0006','BUY','402888e8759dfd9b01759dfdc66f0000'),('2c9fa2f97643cba5017643cdfc56000a',1439.20,1.12,'2c9fa2f9764202850176421052df0007',0.00,'ce7a23cd-3d9d-41fa-8b1e-013aa73201a2',129939.20,129939.20,0.00,25.70,5000.00,128500.00,'2020-12-04 18:30:00','2c9fa2f97643cba5017643cdfc550009','BUY','402888e8759dfd9b01759dfdc66f0000'),('2c9fa2f97643cba5017643ce90d4000d',263.42,1.12,'2c9fa2f97642028501764211693d000a',0.00,'d4f79277-0789-469f-9bce-6978aea683ee',23783.42,23783.42,0.00,78.40,300.00,23520.00,'2020-12-07 18:30:00','2c9fa2f97643cba5017643ce90d4000c','BUY','402888e8759dfd9b01759dfdc66f0000'),('2c9fa2f97643cba5017643cf51df0010',840.00,1.12,'2c9fa2f9764202850176420f2f660004',0.00,'3e5c7c16-0d71-4d0c-894a-076870a42d91',74160.00,74160.00,25000.00,3.00,0.00,75000.00,'2020-12-08 18:30:00','2c9fa2f97643cba5017643cf51de000f','SALE','402888e8759dfd9b01759dfdc66f0000'),('2c9fa2f97643cba5017643cf51df0011',6.01,1.12,'2c9fa2f9764202850176420f2f660004',0.00,'7de30093-cb7d-4756-9e2a-bc6e4c4240f1',530.99,530.99,179.00,3.00,0.00,537.00,'2020-12-08 18:30:00','2c9fa2f97643cba5017643cf51de000f','SALE','402888e8759dfd9b01759dfdc66f0000'),('2c9fa2f97643cba5017643cf51df0012',6.55,1.12,'2c9fa2f9764202850176420f2f660004',0.00,'92e75b0d-ac24-445b-8427-2b7e32c00ea5',578.45,578.45,195.00,3.00,0.00,585.00,'2020-12-08 18:30:00','2c9fa2f97643cba5017643cf51de000f','SALE','402888e8759dfd9b01759dfdc66f0000'),('2c9fa2f97643cba5017643cf51df0013',1344.00,1.12,'2c9fa2f9764202850176420f2f660004',0.00,'f237362a-d230-43e6-b05a-e8a26dfa70eb',118656.00,118656.00,40000.00,3.00,0.00,120000.00,'2020-12-08 18:30:00','2c9fa2f97643cba5017643cf51de000f','SALE','402888e8759dfd9b01759dfdc66f0000'),('2c9fa2f97643d95a0176469d60ca0001',1983.52,1.12,'2c9fa2f9764202850176420f2f660004',0.00,'d14b021f-4a9f-4e1a-bc60-79ebd81ebe43',179083.52,179083.52,0.00,3.50,50600.00,177100.00,'2020-12-09 18:30:00','2c9fa2f97643d95a0176469d60c20000','BUY','402888e8759dfd9b01759dfdc66f0000'),('2c9fa2f976473dfa0176474bf6100004',1045.60,1.12,'2c9fa2f9764202850176420dfda10001',0.00,'5a79073e-6d94-4a26-a1a5-ee343907ebe8',94403.04,94403.04,0.00,74.21,1258.00,93357.44,'2020-06-26 18:30:00','2c9fa2f976473dfa0176474bf60f0003','BUY','402888e8759dfd9b01759dfdc66f0000'),('2c9fa2f976473dfa0176474c86090007',1169.44,1.12,'2c9fa2f9764202850176420dfda10001',0.00,'5a79073e-6d94-4a26-a1a5-ee343907ebe8',103244.56,103244.56,1258.00,83.00,0.00,104414.00,'2020-08-18 18:30:00','2c9fa2f976473dfa0176474c86090006','SALE','402888e8759dfd9b01759dfdc66f0000'),('2c9fa2f9768f4f2001768f4f98b20001',868.00,1.12,'2c9fa2f975f4be050175f4de331a0000',0.00,'308a4493-7309-4bb8-8cb3-fe9eed1466b6',76632.00,76632.00,5000.00,15.50,0.00,77500.00,'2020-12-21 18:30:00','2c9fa2f9768f4f2001768f4f98ac0000','SALE','402888e8759dfd9b01759dfdc66f0000'),('2c9fa2f9768f4f2001768f4f98b20002',69.44,1.12,'2c9fa2f975f4be050175f4de331a0000',0.00,'429faadc-c79f-4b51-9dac-722e90323c01',6130.56,6130.56,400.00,15.50,0.00,6200.00,'2020-12-21 18:30:00','2c9fa2f9768f4f2001768f4f98ac0000','SALE','402888e8759dfd9b01759dfdc66f0000'),('2c9fa2f9768f4f2001768f4f98b20003',868.00,1.12,'2c9fa2f975f4be050175f4de331a0000',0.00,'4cf22964-d175-46a0-8120-aa89133db7dc',76632.00,76632.00,5000.00,15.50,0.00,77500.00,'2020-12-21 18:30:00','2c9fa2f9768f4f2001768f4f98ac0000','SALE','402888e8759dfd9b01759dfdc66f0000'),('2c9fa2f9768f4f2001768f4f98b20004',868.00,1.12,'2c9fa2f975f4be050175f4de331a0000',0.00,'6f572f37-3928-4f0d-a757-20243962697a',76632.00,76632.00,5000.00,15.50,0.00,77500.00,'2020-12-21 18:30:00','2c9fa2f9768f4f2001768f4f98ac0000','SALE','402888e8759dfd9b01759dfdc66f0000'),('2c9fa2f9768f4f20017693fb24b4000a',622.72,1.12,'2c9fa2f976420285017642109f4a0008',0.00,'61520c80-4746-45cd-a805-8ec32168f426',54977.28,54977.28,2000.00,27.80,0.00,55600.00,'2020-12-24 18:30:00','2c9fa2f9768f4f20017693fb24b40009','SALE','402888e8759dfd9b01759dfdc66f0000'),('2c9fa2f9768f4f20017693fc45e4000d',2607.36,1.12,'2c9fa2f97642028501764211693d000a',0.00,'9b0a351b-4d8a-4653-aaa6-d89864583aa2',235407.36,235407.36,0.00,77.60,3000.00,232800.00,'2020-12-24 18:30:00','2c9fa2f9768f4f20017693fc45e3000c','BUY','402888e8759dfd9b01759dfdc66f0000'),('2c9fa2f9768f4f200176a7d6ff6e0010',2266.88,1.12,'2c9fa2f9764202850176420f2f660004',0.00,'d14b021f-4a9f-4e1a-bc60-79ebd81ebe43',200133.12,200133.12,50600.00,4.00,0.00,202400.00,'2020-12-28 18:30:00','2c9fa2f9768f4f200176a7d6ff6e000f','SALE','402888e8759dfd9b01759dfdc66f0000'),('2c9fa2f9768f4f200176a932550f0013',336.00,1.12,'2c9fa2f9764202850176420ee4020003',0.00,'edb4eb64-e2f4-4609-a0a4-5b2227ed5627',30336.00,30336.00,0.00,0.30,100000.00,30000.00,'2020-09-03 18:30:00','2c9fa2f9768f4f200176a932550f0012','BUY','402888e8759dfd9b01759dfdc66f0000'),('2c9fa2f9768f4f200176a93329900016',235.20,1.12,'2c9fa2f9764202850176420ee4020003',0.00,'db8535ab-9201-40a4-b930-cfda0a25d249',21235.20,21235.20,0.00,0.30,70000.00,21000.00,'2020-09-03 18:30:00','2c9fa2f9768f4f200176a93329900015','BUY','402888e8759dfd9b01759dfdc66f0000'),('2c9fa2f9768f4f200176a93409e70019',436.80,1.12,'2c9fa2f9764202850176420ee4020003',0.00,'be56b8aa-51c5-4274-83c4-269cd9e3ecf6',39437.10,39437.10,0.00,0.30,130001.00,39000.30,'2020-09-30 18:30:00','2c9fa2f9768f4f200176a93409e60018','BUY','402888e8759dfd9b01759dfdc66f0000'),('2c9fa2f9768f4f200176b24684dc001d',1612.80,1.12,'2c9fa2f9768f4f200176b245ef07001b',0.00,'a640542d-0051-4cd5-9ab6-08bb7c682365',145612.80,145612.80,0.00,144.00,1000.00,144000.00,'2020-12-30 18:30:00','2c9fa2f9768f4f200176b24684dc001c','BUY','402888e8759dfd9b01759dfdc66f0000'),('2c9fa2f976b299920176b299b5070001',1361.36,1.12,'2c9fa2f9768f4f200176b245ef07001b',0.00,'115eab2b-6aba-4d02-bb42-43df57419479',122911.36,122911.36,0.00,143.00,850.00,121550.00,'2020-12-30 18:30:00','2c9fa2f976b299920176b299b4f50000','BUY','402888e8759dfd9b01759dfdc66f0000'),('2c9fa2f976cc9c800176cc9d2e040001',658.56,1.12,'2c9fa2f9764202850176421052df0007',0.00,'8f0c3b15-27ec-4435-a12c-01a58f5d2148',58141.44,58141.44,2000.00,29.40,0.00,58800.00,'2021-01-04 08:57:01','2c9fa2f976cc9c800176cc9d2dfa0000','SALE','402888e8759dfd9b01759dfdc66f0000'),('2c9fa2f976cc9c800176cc9d2e040002',1646.40,1.12,'2c9fa2f9764202850176421052df0007',0.00,'ce7a23cd-3d9d-41fa-8b1e-013aa73201a2',145353.60,145353.60,5000.00,29.40,0.00,147000.00,'2021-01-04 08:57:01','2c9fa2f976cc9c800176cc9d2dfa0000','SALE','402888e8759dfd9b01759dfdc66f0000'),('2c9fa2f976cc9c800176cc9d2e050003',329.28,1.12,'2c9fa2f9764202850176421052df0007',0.00,'d75b8a8b-c51d-4b9a-a122-9a08fd5196a3',29070.72,29070.72,1000.00,29.40,0.00,29400.00,'2021-01-04 08:57:01','2c9fa2f976cc9c800176cc9d2dfa0000','SALE','402888e8759dfd9b01759dfdc66f0000'),('2c9fa2f976ce12820176d13cab8e0001',1564.14,1.12,'2c9fa2f9768f4f200176b245ef07001b',0.00,'115eab2b-6aba-4d02-bb42-43df57419479',138090.86,138090.86,850.00,164.30,0.00,139655.00,'2021-01-05 11:59:42','2c9fa2f976ce12820176d13cab7d0000','SALE','402888e8759dfd9b01759dfdc66f0000'),('2c9fa2f976ce12820176d13cab8e0002',184.02,1.12,'2c9fa2f9768f4f200176b245ef07001b',0.00,'a640542d-0051-4cd5-9ab6-08bb7c682365',16245.98,16245.98,100.00,164.30,0.00,16430.00,'2021-01-05 11:59:42','2c9fa2f976ce12820176d13cab7d0000','SALE','402888e8759dfd9b01759dfdc66f0000'),('2c9fa2f976ce12820176d14292c20007',2348.08,1.12,'2c9fa2f976ce12820176d141ecc30005',0.00,'90d7cadd-69b2-4c8d-9281-6825f036a33b',211998.08,211998.08,0.00,59.90,3500.00,209650.00,'2021-01-05 12:06:09','2c9fa2f976ce12820176d14292c10006','BUY','402888e8759dfd9b01759dfdc66f0000'),('2c9fa2f976ce12820176d16d8c96000a',1662.75,1.12,'2c9fa2f976ce12820176d141ecc30005',0.00,'f4953813-ef14-4108-a557-28806f1fbf12',150122.75,150122.75,0.00,57.10,2600.00,148460.00,'2021-01-05 12:53:06','2c9fa2f976ce12820176d16d8c960009','BUY','402888e8759dfd9b01759dfdc66f0000'),('2c9fa2f976d29e480176d6369f8a0001',1634.98,1.12,'2c9fa2f9768f4f200176b245ef07001b',0.00,'a640542d-0051-4cd5-9ab6-08bb7c682365',144345.02,144345.02,900.00,162.20,0.00,145980.00,'2021-01-06 11:11:12','2c9fa2f976d29e480176d6369f7a0000','SALE','402888e8759dfd9b01759dfdc66f0000'),('2c9fa2f976d71e170176d722b1f80001',191.11,1.12,'2c9fa2f976ce12820176d141ecc30005',0.00,'cd5596d8-ebed-4af2-afe8-dda6b9964dc3',17254.11,17254.11,0.00,56.50,302.00,17063.00,'2021-01-06 15:29:03','2c9fa2f976d71e170176d722b1ea0000','BUY','402888e8759dfd9b01759dfdc66f0000'),('2c9fa2f976db6ad00176db6c2e510001',1764.00,1.12,'2c9fa2f9764202850176420f2f660004',0.00,'f31f690a-41a1-4782-9af4-5fa5c099397c',159264.00,159264.00,0.00,6.30,25000.00,157500.00,'2021-01-07 11:27:48','2c9fa2f976db6ad00176db6c2e430000','BUY','402888e8759dfd9b01759dfdc66f0000'),('2c9faba476ff130f0176ff38694d0001',2240.00,1.12,'2c9fa2f9764202850176420dfda10001',0.00,'32e4e7b8-62a7-464a-a55d-0a44e5a989a6',202240.00,202240.00,0.00,80.00,2500.00,200000.00,'2021-01-14 10:17:35','2c9faba476ff130f0176ff3869410000','BUY','2c9fa2f976cb7e720176cb7f3ddb0000'),('2c9faba476ff130f0176ff3b29470008',0.00,0.00,'2c9fa2f9764202850176420dfda10001',0.00,'30d6f9ab-1aea-4b95-aa64-26fbe0923581',1615.00,1615.00,0.00,85.00,19.00,1615.00,'2021-01-14 10:20:35','2c9faba476ff130f0176ff3b29470007','DIVIDEND','2c9fa2f976cb7e720176cb7f3ddb0000'),('2c9faba476ff594d0176ff59fdc60001',18.73,1.12,'2c9fa2f9764202850176420dfda10001',0.00,'30d6f9ab-1aea-4b95-aa64-26fbe0923581',1653.27,1653.27,19.00,88.00,0.00,1672.00,'2021-01-14 10:54:16','2c9faba476ff594d0176ff59fdbb0000','SALE','2c9fa2f976cb7e720176cb7f3ddb0000'),('2c9faba476ff594d0176ff59fdc60002',0.00,0.00,'2c9fa2f9764202850176420dfda10001',0.00,'32e4e7b8-62a7-464a-a55d-0a44e5a989a6',220000.00,220000.00,2500.00,88.00,0.00,220000.00,'2021-01-14 10:54:16','2c9faba476ff594d0176ff59fdbb0000','SALE','2c9fa2f976cb7e720176cb7f3ddb0000'),('2c9faba4770433dc017719629ead0001',1236.48,1.12,'2c9fa2f9764202850176420e86210002',0.00,'af3042d2-0bfb-42a5-a5c3-f61a17995c84',109163.52,109163.52,1600.00,69.00,0.00,110400.00,'2021-01-19 12:13:49','2c9faba4770433dc017719629e9d0000','SALE','402888e8759dfd9b01759dfdc66f0000'),('2c9faba4770433dc0177198ad1d80004',2990.40,1.12,'2c9fa2f97642028501764211693d000a',0.00,'9b0a351b-4d8a-4653-aaa6-d89864583aa2',264009.60,264009.60,3000.00,89.00,0.00,267000.00,'2021-01-19 12:57:44','2c9faba4770433dc0177198ad1d60003','SALE','402888e8759dfd9b01759dfdc66f0000'),('2c9faba4770433dc0177198ad1d80005',299.04,1.12,'2c9fa2f97642028501764211693d000a',0.00,'d4f79277-0789-469f-9bce-6978aea683ee',26400.96,26400.96,300.00,89.00,0.00,26700.00,'2021-01-19 12:57:44','2c9faba4770433dc0177198ad1d60003','SALE','402888e8759dfd9b01759dfdc66f0000'),('2c9faba4770433dc017719a258e60009',575.68,1.12,'2c9fa2f9764202850176421052df0007',0.00,'a609b2f0-017f-409e-9308-1ae552fd3778',51975.68,51975.68,0.00,51.40,1000.00,51400.00,'2021-01-19 13:23:25','2c9faba4770433dc017719a258e60008','BUY','402888e8759dfd9b01759dfdc66f0000'),('2c9faba4770433dc017719c04aee000c',1120.00,1.12,'2c9fa2f9764202850176421052df0007',0.00,'12911927-538e-4338-9a2c-bc5504f7ebc5',101120.00,101120.00,0.00,50.00,2000.00,100000.00,'2021-01-19 13:56:08','2c9faba4770433dc017719c04aee000b','BUY','402888e8759dfd9b01759dfdc66f0000'),('2c9faba4770433dc01771e4a6e24000f',1400.00,1.12,'2c9fa2f9764202850176421052df0007',0.00,'970afaca-342f-47b2-a11f-209b5537bc05',126400.00,126400.00,0.00,50.00,2500.00,125000.00,'2021-01-20 11:05:30','2c9faba4770433dc01771e4a6e23000e','BUY','402888e8759dfd9b01759dfdc66f0000'),('2c9faba4770433dc01772437ad350015',1209.60,1.12,'2c9fa2f976ce12820176d141ecc30005',0.00,'5e646130-da28-4eaa-aec2-1b843a0d9efa',109209.60,109209.60,0.00,54.00,2000.00,108000.00,'2021-01-20 14:42:44','2c9faba4770433dc01772437ad350014','BUY','402888e8759dfd9b01759dfdc66f0000'),('2c9faba4770433dc01773835e8c00018',1321.60,1.12,'2c9fa2f9764202850176421052df0007',0.00,'12911927-538e-4338-9a2c-bc5504f7ebc5',116678.40,116678.40,2000.00,59.00,0.00,118000.00,'2021-01-25 11:53:13','2c9faba4770433dc01773835e8c00017','SALE','402888e8759dfd9b01759dfdc66f0000'),('2c9faba4770433dc01773835e8c30019',1652.00,1.12,'2c9fa2f9764202850176421052df0007',0.00,'970afaca-342f-47b2-a11f-209b5537bc05',145848.00,145848.00,2500.00,59.00,0.00,147500.00,'2021-01-25 11:53:13','2c9faba4770433dc01773835e8c00017','SALE','402888e8759dfd9b01759dfdc66f0000'),('2c9faba4770433dc01773835e8c3001a',660.80,1.12,'2c9fa2f9764202850176421052df0007',0.00,'a609b2f0-017f-409e-9308-1ae552fd3778',58339.20,58339.20,1000.00,59.00,0.00,59000.00,'2021-01-25 11:53:13','2c9faba4770433dc01773835e8c00017','SALE','402888e8759dfd9b01759dfdc66f0000'),('2c9faba4770433dc0177397625ab001f',1324.83,1.12,'2c9fa2f976ce12820176d141ecc30005',0.00,'40714d71-f7c8-400a-8133-e9c2dd55e4e4',119613.33,119613.33,0.00,53.50,2211.00,118288.50,'2021-01-25 17:43:00','2c9faba4770433dc0177397625ab001e','BUY','402888e8759dfd9b01759dfdc66f0000'),('2c9faba4770433dc01773dea60bc0022',683.20,1.12,'2c9fa2f9764202850176421052df0007',0.00,'61f52bef-626f-4bab-9665-2e4144f8241f',61683.20,61683.20,0.00,61.00,1000.00,61000.00,'2021-01-26 14:28:26','2c9faba4770433dc01773dea60bc0021','BUY','402888e8759dfd9b01759dfdc66f0000'),('2c9faba4770433dc0177426bf5830025',960.96,1.12,'2c9fa2f9764202850176421052df0007',0.00,'89bce3c0-6371-4482-b6b2-1c030424b4ca',86760.96,86760.96,0.00,57.20,1500.00,85800.00,'2021-01-27 11:28:27','2c9faba4770433dc0177426bf5830024','BUY','402888e8759dfd9b01759dfdc66f0000'),('2c9faba4770433dc0177427ac1120028',640.64,1.12,'2c9fa2f9764202850176421052df0007',0.00,'f7ccb4f4-1d5f-443b-bbd6-0813a456c9bd',57840.64,57840.64,0.00,57.20,1000.00,57200.00,'2021-01-27 11:44:37','2c9faba4770433dc0177427ac1110027','BUY','402888e8759dfd9b01759dfdc66f0000'),('2c9faba4770433dc01774cd65df0002b',50.40,1.12,'2c9fa2f9764202850176421052df0007',0.00,'fbf30296-1c7e-4673-bc0d-c656427ff5a9',4550.40,4550.40,0.00,45.00,100.00,4500.00,'2021-01-29 12:00:53','2c9faba4770433dc01774cd65def002a','BUY','402888e8759dfd9b01759dfdc66f0000'),('2c9faba4770433dc01775c1d315d0033',336.00,1.12,'2c9fa2f9764202850176421052df0007',0.00,'eae491e6-3381-4239-8722-5b4de801c9b6',30336.00,30336.00,0.00,50.00,600.00,30000.00,'2021-01-29 11:12:33','2c9faba4770433dc01775c1d315d0032','BUY','402888e8759dfd9b01759dfdc66f0000'),('2c9faba477c4856f017815b944580003',280.90,1.12,'2c9fa2f976ce12820176d141ecc30005',0.00,'612f18d9-f925-4e12-93ab-213c53a8bd91',25360.90,25360.90,0.00,41.80,600.00,25080.00,'2021-03-09 12:12:46','2c9faba477c4856f017815b944570002','BUY','402888e8759dfd9b01759dfdc66f0000'),('2c9faba477c4856f017825164bd9000d',251.33,1.12,'2c9faba477c4856f01782512412d0006',0.00,'3dfae3ba-12ee-47c9-9fb4-6d7de030431b',22691.33,22691.33,0.00,74.80,300.00,22440.00,'2021-03-12 11:48:41','2c9faba477c4856f017825164bd8000c','BUY','2c9faba477c4856f017824dfa2160005'),('2c9faba477c4856f0178351787410011',535.36,1.12,'2c9faba477c4856f01783516a941000f',0.00,'19643267-e923-4bd4-89db-01ba1b819dab',48335.36,48335.36,0.00,47.80,1000.00,47800.00,'2021-03-15 14:23:57','2c9faba477c4856f0178351787410010','BUY','2c9faba477c4856f017824dfa2160005'),('2c9faba4783ed4a10178443fb9890006',494.03,1.12,'2c9fa2f976ce12820176d141ecc30005',0.00,'9ba74daf-c910-46c4-aaa4-c123fe3b589d',44604.03,44604.03,0.00,40.10,1100.00,44110.00,'2021-03-17 13:02:10','2c9faba4783ed4a10178443fb9890005','BUY','402888e8759dfd9b01759dfdc66f0000'),('2c9faba4783ed4a1017845c3dbb90009',830.87,1.12,'2c9fa2f976ce12820176d141ecc30005',0.00,'8e45929b-70c1-4822-b7c3-aed36ce3ccc6',75015.87,75015.87,0.00,40.10,1850.00,74185.00,'2021-03-18 20:06:06','2c9faba4783ed4a1017845c3dbb70008','BUY','402888e8759dfd9b01759dfdc66f0000'),('4028819b7887f2f2017887f626dd0003',1108.80,1.12,'2c9fa2f9764202850176420f2f660004',0.00,'b6ab4b33-fa1b-4a4c-a693-e1fe01edd003',100108.80,100108.80,0.00,5.50,18000.00,99000.00,'2021-03-30 16:35:59','4028819b7887f2f2017887f626dd0002','BUY','402888e8759dfd9b01759dfdc66f0000'),('4028819b7887f2f201788c626a6e0010',2632.00,1.12,'4028819b7887f2f201788c5e798c0007',0.00,'6dae9006-9c66-47f2-bb14-f8025eed1b13',237632.00,237632.00,0.00,47.00,5000.00,235000.00,'2021-04-01 13:12:43','4028819b7887f2f201788c626a6e000f','BUY','18e9bd7b-92ba-11eb-ba5a-74d83e4ed2c9'),('4028819b79167aee0179172593180004',1097.60,1.12,'4028b60178af28850178b59559bf0002',0.00,'108bc30e-aef6-4cd9-be9c-721590388bfd',99097.60,99097.60,0.00,49.00,2000.00,98000.00,'2021-04-28 11:53:29','4028819b79167aee0179172593180003','BUY','402888e8759dfd9b01759dfdc66f0000'),('4028b60178af28850178b5966e060004',1093.68,1.12,'4028b60178af28850178b59559bf0002',0.00,'029bf9f9-e862-40fb-8203-a895164f3f6c',98743.68,98743.68,0.00,55.80,1750.00,97650.00,'2021-04-09 13:13:57','4028b60178af28850178b5966e050003','BUY','402888e8759dfd9b01759dfdc66f0000'),('4028b60178af28850178b67409520007',3248.00,1.12,'4028819b7887f2f201788c5e798c0007',0.00,'6dae9006-9c66-47f2-bb14-f8025eed1b13',286752.00,286752.00,5000.00,58.00,0.00,290000.00,'2021-04-09 17:16:00','4028b60178af28850178b67409270006','SALE','18e9bd7b-92ba-11eb-ba5a-74d83e4ed2c9');
/*!40000 ALTER TABLE `stock_ledger` ENABLE KEYS */;
UNLOCK TABLES;

--
-- Table structure for table `stock_sum_dto`
--

DROP TABLE IF EXISTS `stock_sum_dto`;
/*!40101 SET @saved_cs_client     = @@character_set_client */;
/*!50503 SET character_set_client = utf8mb4 */;
CREATE TABLE `stock_sum_dto` (
  `id` varchar(255) NOT NULL,
  `amount` decimal(19,2) DEFAULT NULL,
  `avg_price` decimal(19,2) DEFAULT NULL,
  `chargers` decimal(19,2) DEFAULT NULL,
  `company` varchar(255) DEFAULT NULL,
  `date` varchar(255) DEFAULT NULL,
  `lot_numbers` varchar(255) DEFAULT NULL,
  `price` decimal(19,2) DEFAULT NULL,
  `qty` decimal(19,2) DEFAULT NULL,
  `code` varchar(255) DEFAULT NULL,
  PRIMARY KEY (`id`)
) ENGINE=InnoDB DEFAULT CHARSET=latin1;
/*!40101 SET character_set_client = @saved_cs_client */;

--
-- Dumping data for table `stock_sum_dto`
--

LOCK TABLES `stock_sum_dto` WRITE;
/*!40000 ALTER TABLE `stock_sum_dto` DISABLE KEYS */;
/*!40000 ALTER TABLE `stock_sum_dto` ENABLE KEYS */;
UNLOCK TABLES;

--
-- Table structure for table `stock_sum_dto_child`
--

DROP TABLE IF EXISTS `stock_sum_dto_child`;
/*!40101 SET @saved_cs_client     = @@character_set_client */;
/*!50503 SET character_set_client = utf8mb4 */;
CREATE TABLE `stock_sum_dto_child` (
  `id` varchar(255) NOT NULL,
  `amount` decimal(19,2) DEFAULT NULL,
  `avg_price` decimal(19,2) DEFAULT NULL,
  `charges` decimal(19,2) DEFAULT NULL,
  `company` varchar(255) DEFAULT NULL,
  `date` varchar(255) DEFAULT NULL,
  `price` decimal(19,2) DEFAULT NULL,
  `qty` decimal(19,2) DEFAULT NULL,
  `kind` varchar(255) DEFAULT NULL,
  `lot_numbers` varchar(255) DEFAULT NULL,
  PRIMARY KEY (`id`)
) ENGINE=InnoDB DEFAULT CHARSET=latin1;
/*!40101 SET character_set_client = @saved_cs_client */;

--
-- Dumping data for table `stock_sum_dto_child`
--

LOCK TABLES `stock_sum_dto_child` WRITE;
/*!40000 ALTER TABLE `stock_sum_dto_child` DISABLE KEYS */;
/*!40000 ALTER TABLE `stock_sum_dto_child` ENABLE KEYS */;
UNLOCK TABLES;

--
-- Table structure for table `top_gainers_dto`
--

DROP TABLE IF EXISTS `top_gainers_dto`;
/*!40101 SET @saved_cs_client     = @@character_set_client */;
/*!50503 SET character_set_client = utf8mb4 */;
CREATE TABLE `top_gainers_dto` (
  `id` varchar(255) NOT NULL,
  `company` varchar(255) DEFAULT NULL,
  `delta_up` bit(1) NOT NULL,
  `gain` decimal(19,2) DEFAULT NULL,
  `gain_presentage` double NOT NULL,
  `name` varchar(255) DEFAULT NULL,
  `investment` decimal(19,2) DEFAULT NULL,
  PRIMARY KEY (`id`)
) ENGINE=InnoDB DEFAULT CHARSET=latin1;
/*!40101 SET character_set_client = @saved_cs_client */;

--
-- Dumping data for table `top_gainers_dto`
--

LOCK TABLES `top_gainers_dto` WRITE;
/*!40000 ALTER TABLE `top_gainers_dto` DISABLE KEYS */;
/*!40000 ALTER TABLE `top_gainers_dto` ENABLE KEYS */;
UNLOCK TABLES;

--
-- Table structure for table `total_earning_dto`
--

DROP TABLE IF EXISTS `total_earning_dto`;
/*!40101 SET @saved_cs_client     = @@character_set_client */;
/*!50503 SET character_set_client = utf8mb4 */;
CREATE TABLE `total_earning_dto` (
  `id` varchar(255) NOT NULL,
  `current_month_earnings` decimal(19,2) DEFAULT NULL,
  `today_earnings` decimal(19,2) DEFAULT NULL,
  `total_earnings` decimal(19,2) DEFAULT NULL,
  `total_equity_holdings` decimal(19,2) DEFAULT NULL,
  PRIMARY KEY (`id`)
) ENGINE=InnoDB DEFAULT CHARSET=latin1;
/*!40101 SET character_set_client = @saved_cs_client */;

--
-- Dumping data for table `total_earning_dto`
--

LOCK TABLES `total_earning_dto` WRITE;
/*!40000 ALTER TABLE `total_earning_dto` DISABLE KEYS */;
/*!40000 ALTER TABLE `total_earning_dto` ENABLE KEYS */;
UNLOCK TABLES;

--
-- Table structure for table `transaction_dto`
--

DROP TABLE IF EXISTS `transaction_dto`;
/*!40101 SET @saved_cs_client     = @@character_set_client */;
/*!50503 SET character_set_client = utf8mb4 */;
CREATE TABLE `transaction_dto` (
  `id` varchar(255) NOT NULL,
  `balance` varchar(255) DEFAULT NULL,
  `in_amount` varchar(255) DEFAULT NULL,
  `out_amount` varchar(255) DEFAULT NULL,
  `trans_date` varchar(255) DEFAULT NULL,
  `trans_type` varchar(255) DEFAULT NULL,
  PRIMARY KEY (`id`)
) ENGINE=InnoDB DEFAULT CHARSET=latin1;
/*!40101 SET character_set_client = @saved_cs_client */;

--
-- Dumping data for table `transaction_dto`
--

LOCK TABLES `transaction_dto` WRITE;
/*!40000 ALTER TABLE `transaction_dto` DISABLE KEYS */;
/*!40000 ALTER TABLE `transaction_dto` ENABLE KEYS */;
UNLOCK TABLES;

--
-- Table structure for table `users`
--

DROP TABLE IF EXISTS `users`;
/*!40101 SET @saved_cs_client     = @@character_set_client */;
/*!50503 SET character_set_client = utf8mb4 */;
CREATE TABLE `users` (
  `id` varchar(255) NOT NULL,
  `created_at` datetime DEFAULT NULL,
  `email_address` varchar(255) DEFAULT NULL,
  `mobile_no` varchar(255) DEFAULT NULL,
  `password` varchar(255) DEFAULT NULL,
  `username` varchar(255) DEFAULT NULL,
  `enabled` smallint DEFAULT NULL,
  `role` varchar(50) DEFAULT NULL,
  `address` varchar(255) DEFAULT NULL,
  `cdsaccount` varchar(255) DEFAULT NULL,
  `name` varchar(255) DEFAULT NULL,
  `picture` varchar(255) DEFAULT NULL,
  PRIMARY KEY (`id`),
  UNIQUE KEY `USER_INDEX_0` (`username`),
  UNIQUE KEY `UK_k9men91t3yptk4ilsgxa0j9ps` (`cdsaccount`)
) ENGINE=InnoDB DEFAULT CHARSET=latin1;
/*!40101 SET character_set_client = @saved_cs_client */;

--
-- Dumping data for table `users`
--

LOCK TABLES `users` WRITE;
/*!40000 ALTER TABLE `users` DISABLE KEYS */;
INSERT INTO `users` VALUES ('18e9bd7b-92ba-11eb-ba5a-74d83e4ed2c9',NULL,'leelawathirp@gmail.com','0000000000','$2a$10$7PqwvEz21vNOqsuUyFEo5eUIo0pUUbAjVD702Zti4OdM94vgaYHM6','leela',1,'USER','Kuliyapitiya',NULL,'Leewawathi',NULL),('2c9fa2f976cb7e720176cb7f3ddb0000','2021-01-04 03:44:42','war@gmail.com','0768393798','$2a$10$7PqwvEz21vNOqsuUyFEo5eUIo0pUUbAjVD702Zti4OdM94vgaYHM6','ravindra',1,'USER','Colombo 05','S0465465','Ravindra',NULL),('2c9faba477c4856f017824dfa2160005','2021-03-12 10:48:59','virajbliyanage@gmail.com','0712217770','$2a$10$7PqwvEz21vNOqsuUyFEo5eUIo0pUUbAjVD702Zti4OdM94vgaYHM6','viraj',1,'USER','Balangoda','34626LI0','Viraj Buddhika',NULL),('402888e8759dfd9b01759dfdc66f0000',NULL,'warnasooriya.ravindra@gmail.com','0768393798','$2a$10$7PqwvEz21vNOqsuUyFEo5eUIo0pUUbAjVD702Zti4OdM94vgaYHM6','ravi',1,'ADMIN',NULL,NULL,NULL,'assets/images/myfrom.jpg');
/*!40000 ALTER TABLE `users` ENABLE KEYS */;
UNLOCK TABLES;

--
-- Dumping routines for database 'stocks'
--
/*!50003 DROP FUNCTION IF EXISTS `getAvgPriceByLotNumber` */;
/*!50003 SET @saved_cs_client      = @@character_set_client */ ;
/*!50003 SET @saved_cs_results     = @@character_set_results */ ;
/*!50003 SET @saved_col_connection = @@collation_connection */ ;
/*!50003 SET character_set_client  = utf8mb4 */ ;
/*!50003 SET character_set_results = utf8mb4 */ ;
/*!50003 SET collation_connection  = utf8mb4_general_ci */ ;
/*!50003 SET @saved_sql_mode       = @@sql_mode */ ;
/*!50003 SET sql_mode              = 'STRICT_TRANS_TABLES,NO_ZERO_IN_DATE,NO_ZERO_DATE,ERROR_FOR_DIVISION_BY_ZERO,NO_ENGINE_SUBSTITUTION' */ ;
DELIMITER ;;
CREATE DEFINER=`user`@`%` FUNCTION `getAvgPriceByLotNumber`(lotNumber NVARCHAR(50)) RETURNS decimal(19,5)
    DETERMINISTIC
BEGIN
DECLARE avg_price decimal(19,5);
select (p.net_amount / p.qty)  into avg_price from stock_ledger s
inner join purchase p ON s.trans_id=p.id
where s.trans_type='BUY' and s.lot_number=lotNumber;
RETURN avg_price;
END ;;
DELIMITER ;
/*!50003 SET sql_mode              = @saved_sql_mode */ ;
/*!50003 SET character_set_client  = @saved_cs_client */ ;
/*!50003 SET character_set_results = @saved_cs_results */ ;
/*!50003 SET collation_connection  = @saved_col_connection */ ;
/*!50003 DROP FUNCTION IF EXISTS `getBuyByMonthOrYear` */;
/*!50003 SET @saved_cs_client      = @@character_set_client */ ;
/*!50003 SET @saved_cs_results     = @@character_set_results */ ;
/*!50003 SET @saved_col_connection = @@collation_connection */ ;
/*!50003 SET character_set_client  = utf8mb4 */ ;
/*!50003 SET character_set_results = utf8mb4 */ ;
/*!50003 SET collation_connection  = utf8mb4_general_ci */ ;
/*!50003 SET @saved_sql_mode       = @@sql_mode */ ;
/*!50003 SET sql_mode              = 'STRICT_TRANS_TABLES,NO_ZERO_IN_DATE,NO_ZERO_DATE,ERROR_FOR_DIVISION_BY_ZERO,NO_ENGINE_SUBSTITUTION' */ ;
DELIMITER ;;
CREATE DEFINER=`user`@`%` FUNCTION `getBuyByMonthOrYear`(
 userId nvarchar(50),
 periodType char,
 period nvarchar(50)
) RETURNS decimal(10,2)
    DETERMINISTIC
BEGIN
	DECLARE retValue decimal(18,2);
	IF periodType='M' THEN
		SELECT ifnull(sum(net_amount),0) into retValue  FROM purchase where user_id=userId and DATE_FORMAT(trans_date,"%Y-%m")=DATE_FORMAT(period,"%Y-%m") ;
    END IF;
    
    IF periodType='Y' THEN
		SELECT ifnull(sum(net_amount),0) into retValue  FROM purchase where user_id=userId and DATE_FORMAT(trans_date,"%Y")=period ;
    END IF ;
    
RETURN retValue;

END ;;
DELIMITER ;
/*!50003 SET sql_mode              = @saved_sql_mode */ ;
/*!50003 SET character_set_client  = @saved_cs_client */ ;
/*!50003 SET character_set_results = @saved_cs_results */ ;
/*!50003 SET collation_connection  = @saved_col_connection */ ;
/*!50003 DROP FUNCTION IF EXISTS `getDepositByMonthOrYear` */;
/*!50003 SET @saved_cs_client      = @@character_set_client */ ;
/*!50003 SET @saved_cs_results     = @@character_set_results */ ;
/*!50003 SET @saved_col_connection = @@collation_connection */ ;
/*!50003 SET character_set_client  = utf8mb4 */ ;
/*!50003 SET character_set_results = utf8mb4 */ ;
/*!50003 SET collation_connection  = utf8mb4_general_ci */ ;
/*!50003 SET @saved_sql_mode       = @@sql_mode */ ;
/*!50003 SET sql_mode              = 'STRICT_TRANS_TABLES,NO_ZERO_IN_DATE,NO_ZERO_DATE,ERROR_FOR_DIVISION_BY_ZERO,NO_ENGINE_SUBSTITUTION' */ ;
DELIMITER ;;
CREATE DEFINER=`user`@`%` FUNCTION `getDepositByMonthOrYear`(
 userId nvarchar(50),
 periodType char,
 period nvarchar(50)
) RETURNS decimal(10,2)
    DETERMINISTIC
BEGIN
	DECLARE retValue decimal(18,2);
	IF periodType='M' THEN
		SELECT ifnull(sum(amount),0) into retValue  FROM deposit where user_id=userId and DATE_FORMAT(date,"%Y-%m")=DATE_FORMAT(period,"%Y-%m") ;
    END IF;
    
    IF periodType='Y' THEN
		SELECT ifnull(sum(amount),0) into retValue  FROM deposit where user_id=userId and DATE_FORMAT(date,"%Y")=period ;
    END IF ;
    
RETURN retValue;

END ;;
DELIMITER ;
/*!50003 SET sql_mode              = @saved_sql_mode */ ;
/*!50003 SET character_set_client  = @saved_cs_client */ ;
/*!50003 SET character_set_results = @saved_cs_results */ ;
/*!50003 SET collation_connection  = @saved_col_connection */ ;
/*!50003 DROP FUNCTION IF EXISTS `getProfitByMonthOrYear` */;
/*!50003 SET @saved_cs_client      = @@character_set_client */ ;
/*!50003 SET @saved_cs_results     = @@character_set_results */ ;
/*!50003 SET @saved_col_connection = @@collation_connection */ ;
/*!50003 SET character_set_client  = utf8mb4 */ ;
/*!50003 SET character_set_results = utf8mb4 */ ;
/*!50003 SET collation_connection  = utf8mb4_general_ci */ ;
/*!50003 SET @saved_sql_mode       = @@sql_mode */ ;
/*!50003 SET sql_mode              = 'STRICT_TRANS_TABLES,NO_ZERO_IN_DATE,NO_ZERO_DATE,ERROR_FOR_DIVISION_BY_ZERO,NO_ENGINE_SUBSTITUTION' */ ;
DELIMITER ;;
CREATE DEFINER=`user`@`%` FUNCTION `getProfitByMonthOrYear`(
 userId nvarchar(50),
 periodType char,
 period nvarchar(50)
) RETURNS decimal(10,2)
    DETERMINISTIC
BEGIN
	DECLARE retValue decimal(18,2);
	IF periodType='M' THEN
		SELECT 
		sum((s.net_amount - (select (st.net_amount / st.stock_in) * s.out_stock  buy_net_amount from stock_ledger st  where st.trans_type !='SALE' and st.lot_number= s.lot_number))) into retValue
		FROM stock_ledger s 
		inner join  companies c ON s.company=c.id
		where s.trans_type='SALE' and s.user_id=userId and DATE_FORMAT(s.trans_date,"%Y-%m") = DATE_FORMAT(period,"%Y-%m") ;

    END IF;
    
    IF periodType='Y' THEN
		
SELECT 
sum((s.net_amount - (select (st.net_amount / st.stock_in) * s.out_stock  buy_net_amount from stock_ledger st  where st.trans_type !='SALE' and st.lot_number= s.lot_number))) into retValue
 FROM stock_ledger s 
inner join  companies c ON s.company=c.id
where s.trans_type='SALE' and s.user_id=userId and DATE_FORMAT(s.trans_date,"%Y") =period ;
    END IF ;
    
RETURN retValue;

END ;;
DELIMITER ;
/*!50003 SET sql_mode              = @saved_sql_mode */ ;
/*!50003 SET character_set_client  = @saved_cs_client */ ;
/*!50003 SET character_set_results = @saved_cs_results */ ;
/*!50003 SET collation_connection  = @saved_col_connection */ ;
/*!50003 DROP FUNCTION IF EXISTS `getSellByMonthOrYear` */;
/*!50003 SET @saved_cs_client      = @@character_set_client */ ;
/*!50003 SET @saved_cs_results     = @@character_set_results */ ;
/*!50003 SET @saved_col_connection = @@collation_connection */ ;
/*!50003 SET character_set_client  = utf8mb4 */ ;
/*!50003 SET character_set_results = utf8mb4 */ ;
/*!50003 SET collation_connection  = utf8mb4_general_ci */ ;
/*!50003 SET @saved_sql_mode       = @@sql_mode */ ;
/*!50003 SET sql_mode              = 'STRICT_TRANS_TABLES,NO_ZERO_IN_DATE,NO_ZERO_DATE,ERROR_FOR_DIVISION_BY_ZERO,NO_ENGINE_SUBSTITUTION' */ ;
DELIMITER ;;
CREATE DEFINER=`user`@`%` FUNCTION `getSellByMonthOrYear`(
 userId nvarchar(50),
 periodType char,
 period nvarchar(50)
) RETURNS decimal(10,2)
    DETERMINISTIC
BEGIN
	DECLARE retValue decimal(18,2);
	IF periodType='M' THEN
		SELECT ifnull(sum(net_amount),0) into retValue  FROM sales where user_id=userId and DATE_FORMAT(trans_date,"%Y-%m")=DATE_FORMAT(period,"%Y-%m") ;
    END IF;
    
    IF periodType='Y' THEN
		SELECT ifnull(sum(net_amount),0) into retValue  FROM sales where user_id=userId and DATE_FORMAT(trans_date,"%Y")=period;
    END IF ;
    
RETURN retValue;

END ;;
DELIMITER ;
/*!50003 SET sql_mode              = @saved_sql_mode */ ;
/*!50003 SET character_set_client  = @saved_cs_client */ ;
/*!50003 SET character_set_results = @saved_cs_results */ ;
/*!50003 SET collation_connection  = @saved_col_connection */ ;
/*!50003 DROP PROCEDURE IF EXISTS `dataToDBSPCharts` */;
/*!50003 SET @saved_cs_client      = @@character_set_client */ ;
/*!50003 SET @saved_cs_results     = @@character_set_results */ ;
/*!50003 SET @saved_col_connection = @@collation_connection */ ;
/*!50003 SET character_set_client  = utf8mb4 */ ;
/*!50003 SET character_set_results = utf8mb4 */ ;
/*!50003 SET collation_connection  = utf8mb4_general_ci */ ;
/*!50003 SET @saved_sql_mode       = @@sql_mode */ ;
/*!50003 SET sql_mode              = 'STRICT_TRANS_TABLES,NO_ZERO_IN_DATE,NO_ZERO_DATE,ERROR_FOR_DIVISION_BY_ZERO,NO_ENGINE_SUBSTITUTION' */ ;
DELIMITER ;;
CREATE DEFINER=`user`@`%` PROCEDURE `dataToDBSPCharts`(
IN userId VARCHAR(255) ,
IN periodType VARCHAR(10)
)
BEGIN
	DECLARE tblMonthsName NVARCHAR(255) ;
    DECLARE tM DATE ;
    DECLARE ttM DATE ;
    DECLARE cM int;
    DECLARE monthsOfYear INT DEFAULT 1;
	DECLARE years INT ;
    DECLARE mstring NVARCHAR(255) ;
    set tblMonthsName = 'temp_tbl';
	set tM= DATE_ADD(current_date(),INTERVAL -12  MONTH) ;
    set years = year(current_date())-10;
   
		CREATE TEMPORARY TABLE temp_tbl (
		id INT NOT NULL,
		period VARCHAR(45) NULL,
		deposit decimal(18,2),
		buy decimal(18,2),
		sell decimal(18,2),
		profit decimal(18,2),
		PRIMARY KEY (`id`)) 
		ENGINE=MEMORY ;
	IF periodType='M' THEN
		
		WHILE monthsOfYear <= 12 DO
        
           set ttM = date_add(tM,INTERVAL monthsOfYear MONTH);
			set cM = MONTH(ttM);
			SELECT DATE_FORMAT(CONCAT(YEAR(ttM),'-',LPAD(cM,2,'0'),'-04 22:23:00'), '%Y-%b') into mstring;
			insert into temp_tbl(id,period,deposit,buy,sell,profit)VALUES(
			monthsOfYear,mstring,
			ifnull(getDepositByMonthOrYear(userId,'M',ttM),0),
			ifnull(getBuyByMonthOrYear(userId,'M',ttM),0),
			 ifnull(getSellByMonthOrYear(userId,'M',ttM),0),
			 ifnull(getProfitByMonthOrYear(userId,'M',ttM),0)
			);
			
			SET monthsOfYear = monthsOfYear + 1;
		END WHILE;
        
	END IF;
    IF periodType='Y' THEN
		WHILE years <= year(curdate()) DO
			SELECT years into mstring;
			insert into temp_tbl(id,period,deposit,buy,sell,profit)VALUES(
			years,mstring,
			ifnull(getDepositByMonthOrYear(userId,'Y',years),0),
			ifnull(getBuyByMonthOrYear(userId,'Y',years),0),
			 ifnull(getSellByMonthOrYear(userId,'Y',years),0),
			 ifnull(getProfitByMonthOrYear(userId,'Y',years),0)
			);
			
			SET years = years + 1;
		END WHILE;
    END IF;
	select * from temp_tbl;
	drop table temp_tbl;
    
END ;;
DELIMITER ;
/*!50003 SET sql_mode              = @saved_sql_mode */ ;
/*!50003 SET character_set_client  = @saved_cs_client */ ;
/*!50003 SET character_set_results = @saved_cs_results */ ;
/*!50003 SET collation_connection  = @saved_col_connection */ ;
/*!50003 DROP PROCEDURE IF EXISTS `generate_account_balance` */;
/*!50003 SET @saved_cs_client      = @@character_set_client */ ;
/*!50003 SET @saved_cs_results     = @@character_set_results */ ;
/*!50003 SET @saved_col_connection = @@collation_connection */ ;
/*!50003 SET character_set_client  = utf8mb4 */ ;
/*!50003 SET character_set_results = utf8mb4 */ ;
/*!50003 SET collation_connection  = utf8mb4_general_ci */ ;
/*!50003 SET @saved_sql_mode       = @@sql_mode */ ;
/*!50003 SET sql_mode              = 'STRICT_TRANS_TABLES,NO_ZERO_IN_DATE,NO_ZERO_DATE,ERROR_FOR_DIVISION_BY_ZERO,NO_ENGINE_SUBSTITUTION' */ ;
DELIMITER ;;
CREATE DEFINER=`user`@`%` PROCEDURE `generate_account_balance`(
IN userId VARCHAR(255),
IN effectivedate datetime
)
BEGIN
DECLARE effDate DATETIME;

DECLARE tbl2 NVARCHAR(50);
set tbl2 =CONCAT(userId,'_');
SELECT DATE_ADD(effectivedate, INTERVAL -1 DAY) into effDate; 
drop table if exists userId;
create TABLE  userId 
SELECT DATE_FORMAT(effDate,"%Y-%m-%d") as trans_date , 'BROUGHT FORWARD BALANCE' as trans_type , sum(in_amount) as in_amount , sum(out_amount) as out_amount,0 AS balance , company
FROM cash_book  where user_id=userId and DATE(trans_date)<DATE(effectivedate)
UNION ALL
SELECT DATE_FORMAT(trans_date,"%Y-%m-%d") as trans_date , trans_type  , in_amount , out_amount,0 AS balance , company
FROM cash_book  where user_id=userId and DATE(trans_date)>=DATE(effectivedate) order by trans_date ASC;

 

BEGIN
 DECLARE finished INTEGER DEFAULT 0;
 
 DECLARE transDate VARCHAR(10);
 DECLARE transType VARCHAR(255);
 DECLARE Cmpny VARCHAR(255);
 DECLARE inAmount DECIMAL(18,2);
 DECLARE outAmount DECIMAL(18,2);
 DECLARE BAL DECIMAL(19,2);
 DECLARE comName NVARCHAR(50);
 
 DEClARE curAccount
		CURSOR FOR 
			SELECT trans_date ,trans_type,in_amount,out_amount,company
            from userId;
            
DECLARE CONTINUE HANDLER 
        FOR NOT FOUND SET finished = 1;
OPEN curAccount;
drop table if exists tbl2;
CREATE TABLE tbl2 (
	id VARCHAR(255),
  `trans_date` varchar(10) DEFAULT NULL,
  `trans_type` varchar(255) CHARACTER SET latin1 DEFAULT NULL,
  `in_amount` decimal(19,2) DEFAULT NULL,
  `out_amount` decimal(19,2) DEFAULT NULL,
  `balance` varchar(200) NOT NULL DEFAULT '0'
) ENGINE=InnoDB ;
 SET BAL = 0;

 getAccount: LOOP
		FETCH curAccount INTO transDate,transType,inAmount,outAmount,Cmpny;
		IF finished = 1 THEN 
			LEAVE getAccount;
		END IF;
      
        IF inAmount > 0 THEN
			select  BAL + inAmount into BAL;
        END IF;
		IF outAmount > 0 THEN
			select  BAL - outAmount into BAL;
        END IF;
   
       SET comName = '';
        IF length(Cmpny) > 0   THEN
           
			select code into comName from  companies where id=Cmpny;
            SET transType =  CONCAT(transType ,' - ' , comName);
        END IF;
         
        insert into tbl2
		select uuid(),transDate,transType,inAmount,outAmount,FORMAT(BAL,2);
	END LOOP getAccount;
	CLOSE curAccount;
 
 select * from tbl2;
	drop table tbl2;
  drop table userId;
END;
END ;;
DELIMITER ;
/*!50003 SET sql_mode              = @saved_sql_mode */ ;
/*!50003 SET character_set_client  = @saved_cs_client */ ;
/*!50003 SET character_set_results = @saved_cs_results */ ;
/*!50003 SET collation_connection  = @saved_col_connection */ ;
/*!50003 DROP PROCEDURE IF EXISTS `getProfitDetailsByUser` */;
/*!50003 SET @saved_cs_client      = @@character_set_client */ ;
/*!50003 SET @saved_cs_results     = @@character_set_results */ ;
/*!50003 SET @saved_col_connection = @@collation_connection */ ;
/*!50003 SET character_set_client  = utf8mb4 */ ;
/*!50003 SET character_set_results = utf8mb4 */ ;
/*!50003 SET collation_connection  = utf8mb4_general_ci */ ;
/*!50003 SET @saved_sql_mode       = @@sql_mode */ ;
/*!50003 SET sql_mode              = 'STRICT_TRANS_TABLES,NO_ZERO_IN_DATE,NO_ZERO_DATE,ERROR_FOR_DIVISION_BY_ZERO,NO_ENGINE_SUBSTITUTION' */ ;
DELIMITER ;;
CREATE DEFINER=`user`@`%` PROCEDURE `getProfitDetailsByUser`(
IN userId NVARCHAR(50),
IN fromDate datetime,
IN toDate datetime
)
BEGIN
 SELECT 
 uuid() as id,
DATE_FORMAT(s.trans_date,"%Y-%m-%d %h:%i") as sales_date, c.code , c.name ,
 sum(sl.out_stock * getAvgPriceByLotNumber(sl.lot_number)) as purchase_amount,
 sum(sl.net_amount) sales_amount  ,
 sum(sl.net_amount-(sl.out_stock * getAvgPriceByLotNumber(sl.lot_number))) as profit
 FROM sales s
inner join companies c ON s.company=c.id
inner join stock_ledger sl ON s.id=sl.trans_id
 where s.user_id=userId and DATE(s.trans_date) between DATE(fromDate) and DATE(toDate)
 group by  s.trans_date , c.code , c.name 
 order by s.trans_date desc;
 
END ;;
DELIMITER ;
/*!50003 SET sql_mode              = @saved_sql_mode */ ;
/*!50003 SET character_set_client  = @saved_cs_client */ ;
/*!50003 SET character_set_results = @saved_cs_results */ ;
/*!50003 SET collation_connection  = @saved_col_connection */ ;
/*!50003 DROP PROCEDURE IF EXISTS `getStocksAvailableByUser` */;
/*!50003 SET @saved_cs_client      = @@character_set_client */ ;
/*!50003 SET @saved_cs_results     = @@character_set_results */ ;
/*!50003 SET @saved_col_connection = @@collation_connection */ ;
/*!50003 SET character_set_client  = utf8mb4 */ ;
/*!50003 SET character_set_results = utf8mb4 */ ;
/*!50003 SET collation_connection  = utf8mb4_general_ci */ ;
/*!50003 SET @saved_sql_mode       = @@sql_mode */ ;
/*!50003 SET sql_mode              = 'STRICT_TRANS_TABLES,NO_ZERO_IN_DATE,NO_ZERO_DATE,ERROR_FOR_DIVISION_BY_ZERO,NO_ENGINE_SUBSTITUTION' */ ;
DELIMITER ;;
CREATE DEFINER=`user`@`%` PROCEDURE `getStocksAvailableByUser`(
IN userId VARCHAR(255)
)
BEGIN

DECLARE tNameStep1 NVARCHAR(255);
DECLARE tNameStep2 NVARCHAR(255);
DECLARE tNameStep3 NVARCHAR(255);
select uuid() into tNameStep1;
create 
TEMPORARY
 TABLE tNameStep1
 ENGINE=MEMORY 
select 
	c.id,
    s.lot_number,
	c.name  , 
    c.code,
    DATE_FORMAT(s.trans_date,"%Y-%m-%d") as trans_date,
	sum(s.stock_in)-sum(s.out_stock) as stock ,
	s.price,
	commission_rate
 FROM stock_ledger s
 inner join companies c ON s.company=c.id
 where s.user_id= userId
group by s.company , s.lot_number
having stock > 0;


select uuid() into tNameStep2;
create 
TEMPORARY
 TABLE tNameStep2
 ENGINE=MEMORY 
  select 
  id, 
  lot_number, 
  name,
  code,
  trans_date,
  stock,
  price,
  commission_rate,
  (stock * price) as amount,
  ((stock * price) / 100) * commission_rate commission,
  (stock * price) + ((stock * price) / 100) * commission_rate as netAmount
  from tNameStep1;
 
 
select uuid() into tNameStep3;
create 
TEMPORARY
 TABLE tNameStep3
 ENGINE=MEMORY 
 select id, 
  lot_number, 
  name,
  code,
  trans_date,
  stock,
  price,
  commission_rate,
  amount,
  commission,
  netAmount,
  (netAmount/stock) as avg_price
  from tNameStep2;
 

  select 
  id,
  name as company,
  code,
   max(trans_date) as date,
  sum(stock) as qty,
  sum(amount) / sum(stock) as price ,
  sum(netAmount) / sum(stock) as avg_price,
  sum(netAmount) as amount,
  sum(commission) as chargers,
  group_concat(lot_number) as lot_numbers
  from tNameStep3
  GROUP BY id
  ;

  
 drop table tNameStep1;
 drop table tNameStep2;
 drop table tNameStep3;
END ;;
DELIMITER ;
/*!50003 SET sql_mode              = @saved_sql_mode */ ;
/*!50003 SET character_set_client  = @saved_cs_client */ ;
/*!50003 SET character_set_results = @saved_cs_results */ ;
/*!50003 SET collation_connection  = @saved_col_connection */ ;
/*!50003 DROP PROCEDURE IF EXISTS `getStocksAvailableByUserByCommanies` */;
/*!50003 SET @saved_cs_client      = @@character_set_client */ ;
/*!50003 SET @saved_cs_results     = @@character_set_results */ ;
/*!50003 SET @saved_col_connection = @@collation_connection */ ;
/*!50003 SET character_set_client  = utf8mb4 */ ;
/*!50003 SET character_set_results = utf8mb4 */ ;
/*!50003 SET collation_connection  = utf8mb4_general_ci */ ;
/*!50003 SET @saved_sql_mode       = @@sql_mode */ ;
/*!50003 SET sql_mode              = 'STRICT_TRANS_TABLES,NO_ZERO_IN_DATE,NO_ZERO_DATE,ERROR_FOR_DIVISION_BY_ZERO,NO_ENGINE_SUBSTITUTION' */ ;
DELIMITER ;;
CREATE DEFINER=`user`@`%` PROCEDURE `getStocksAvailableByUserByCommanies`(
IN userId VARCHAR(255),
IN companyId VARCHAR(255)
)
BEGIN
 
 DECLARE tNameStep1 NVARCHAR(255);
 DECLARE tNameStep2 NVARCHAR(255);
 select uuid() into tNameStep1;
create 
TEMPORARY
 TABLE tNameStep1
 ENGINE=MEMORY 
select 
	s.id,
	c.id as company_id,
    s.lot_number,
	c.name  , 
    DATE_FORMAT(s.trans_date,"%Y-%m-%d") as trans_date,
	sum(s.stock_in)-sum(s.out_stock) as stock ,
	s.price,
	commission_rate
 FROM stock_ledger s
 inner join companies c ON s.company=c.id
 where s.user_id= userId and s.company=companyId
group by s.company , s.lot_number
having stock > 0;
 
select uuid() into tNameStep2;
create 
TEMPORARY
 TABLE tNameStep2
 ENGINE=MEMORY 
  select 
  id, 
  company_id,
    name as company,
      stock as qty,
        price,
          ((stock * price) / 100) * commission_rate as chargers,
            (stock * price) + ((stock * price) / 100) * commission_rate as  amount,
  trans_date as date,
  lot_number
 
  from tNameStep1;
  
  select 
  id ,
  company_id,
  company,
  qty,
  amount / qty as price,
  chargers,
  amount,
  date,
  lot_number from tNameStep2;
  
 -- select * from tNameStep2;
 drop table tNameStep1;
 drop table tNameStep2;
END ;;
DELIMITER ;
/*!50003 SET sql_mode              = @saved_sql_mode */ ;
/*!50003 SET character_set_client  = @saved_cs_client */ ;
/*!50003 SET character_set_results = @saved_cs_results */ ;
/*!50003 SET collation_connection  = @saved_col_connection */ ;
/*!50003 DROP PROCEDURE IF EXISTS `getTotalEarningsByUser` */;
/*!50003 SET @saved_cs_client      = @@character_set_client */ ;
/*!50003 SET @saved_cs_results     = @@character_set_results */ ;
/*!50003 SET @saved_col_connection = @@collation_connection */ ;
/*!50003 SET character_set_client  = utf8mb4 */ ;
/*!50003 SET character_set_results = utf8mb4 */ ;
/*!50003 SET collation_connection  = utf8mb4_general_ci */ ;
/*!50003 SET @saved_sql_mode       = @@sql_mode */ ;
/*!50003 SET sql_mode              = 'STRICT_TRANS_TABLES,NO_ZERO_IN_DATE,NO_ZERO_DATE,ERROR_FOR_DIVISION_BY_ZERO,NO_ENGINE_SUBSTITUTION' */ ;
DELIMITER ;;
CREATE DEFINER=`user`@`%` PROCEDURE `getTotalEarningsByUser`(IN userId VARCHAR(255))
BEGIN
 declare totalProfit decimal(18,4);
  declare currentMonthEarnings decimal(18,4);
    declare todayEarnings decimal(18,4);
DECLARE tNameStep1 NVARCHAR(255);
DECLARE tNameStep2 NVARCHAR(255);
DECLARE tNameStep3 NVARCHAR(255);
select uuid() into tNameStep1;
create 
TEMPORARY
 TABLE tNameStep1
 ENGINE=MEMORY 
select 
	c.id,
    s.lot_number,
	c.name  , 
    DATE_FORMAT(s.trans_date,"%Y-%m-%d") as trans_date,
	sum(s.stock_in)-sum(s.out_stock) as stock ,
	s.price,
	commission_rate
 FROM stock_ledger s
 inner join companies c ON s.company=c.id
 where s.user_id= userId
group by s.company , s.lot_number
having stock > 0;


select uuid() into tNameStep2;
create 
TEMPORARY
 TABLE tNameStep2
 ENGINE=MEMORY 
  select 
  id, 
  lot_number, 
  name,
  trans_date,
  stock,
  price,
  commission_rate,
  (stock * price) as amount,
  ((stock * price) / 100) * commission_rate commission,
  (stock * price) + ((stock * price) / 100) * commission_rate as netAmount
  from tNameStep1;
 
 
select uuid() into tNameStep3;
create 
TEMPORARY
 TABLE tNameStep3
 ENGINE=MEMORY 
 select id, 
  lot_number, 
  name,
  trans_date,
  stock,
  price,
  commission_rate,
  amount,
  commission,
  netAmount,
  (netAmount/stock) as avg_price
  from tNameStep2;
 

 
SELECT 
sum((s.net_amount - (select (st.net_amount / st.stock_in) * s.out_stock  buy_net_amount from stock_ledger st  where st.trans_type !='SALE' and st.lot_number= s.lot_number))) into totalProfit
 FROM stock_ledger s 
inner join  companies c ON s.company=c.id
where s.trans_type='SALE' and s.user_id=userId;

SELECT 
sum((s.net_amount - (select (st.net_amount / st.stock_in) * s.out_stock  buy_net_amount from stock_ledger st  where st.trans_type !='SALE' and st.lot_number= s.lot_number))) into currentMonthEarnings
 FROM stock_ledger s 
inner join  companies c ON s.company=c.id
where s.trans_type='SALE'  and s.user_id=userId and DATE_FORMAT(s.trans_date,"%Y-%m") =DATE_FORMAT(current_date(),"%Y-%m") ;

SELECT 
sum((s.net_amount - (select (st.net_amount / st.stock_in) * s.out_stock  buy_net_amount from stock_ledger st  where st.trans_type !='SALE' and st.lot_number= s.lot_number))) into todayEarnings
 FROM stock_ledger s 
inner join  companies c ON s.company=c.id
where s.trans_type='SALE'  and s.user_id=userId and DATE_FORMAT(s.trans_date,"%Y-%m-%d") =DATE_FORMAT(current_date(),"%%Y-%m-%d") ;


  select 
  uuid() as id,
  ifnull(sum(netAmount),0) as total_equity_holdings,
  ifnull(totalProfit,0) as total_earnings,
  ifnull(currentMonthEarnings,0) as current_month_earnings, 
  ifnull(todayEarnings,0) as today_earnings
  from tNameStep3 ;
  
  
  
  
  

  
 drop table tNameStep1;
 drop table tNameStep2;
 drop table tNameStep3;
END ;;
DELIMITER ;
/*!50003 SET sql_mode              = @saved_sql_mode */ ;
/*!50003 SET character_set_client  = @saved_cs_client */ ;
/*!50003 SET character_set_results = @saved_cs_results */ ;
/*!50003 SET collation_connection  = @saved_col_connection */ ;
/*!50003 DROP PROCEDURE IF EXISTS `topGainers` */;
/*!50003 SET @saved_cs_client      = @@character_set_client */ ;
/*!50003 SET @saved_cs_results     = @@character_set_results */ ;
/*!50003 SET @saved_col_connection = @@collation_connection */ ;
/*!50003 SET character_set_client  = utf8mb4 */ ;
/*!50003 SET character_set_results = utf8mb4 */ ;
/*!50003 SET collation_connection  = utf8mb4_general_ci */ ;
/*!50003 SET @saved_sql_mode       = @@sql_mode */ ;
/*!50003 SET sql_mode              = 'STRICT_TRANS_TABLES,NO_ZERO_IN_DATE,NO_ZERO_DATE,ERROR_FOR_DIVISION_BY_ZERO,NO_ENGINE_SUBSTITUTION' */ ;
DELIMITER ;;
CREATE DEFINER=`user`@`%` PROCEDURE `topGainers`( userId nvarchar(50))
BEGIN
SELECT 
uuid() as id,
c.name,
c.code as company,
(select sum(stl.net_amount)  from stock_ledger stl    where stl.trans_type ='BUY' and stl.company=c.id) as investment,
		sum((s.net_amount - (select (st.net_amount / st.stock_in) * s.out_stock   from stock_ledger st  
        where st.trans_type !='SALE' and st.lot_number= s.lot_number)))  as gain,
         
         case when sum((s.net_amount - (select (st.net_amount / st.stock_in) * s.out_stock   from stock_ledger st  
        where st.trans_type !='SALE' and st.lot_number= s.lot_number)))  > 0 then  true else false end as delta_up,
        
	ROUND((sum((s.net_amount - (select (st.net_amount / st.stock_in) * s.out_stock   from stock_ledger st  
        where st.trans_type !='SALE' and st.lot_number= s.lot_number))) / (select sum(stl.net_amount)  from stock_ledger stl    where stl.trans_type ='BUY' and stl.company=c.id)) * 100 ,2)AS gain_presentage
		FROM stock_ledger s 
		inner join  companies c ON s.company=c.id
        
		where s.trans_type='SALE' 
        and s.user_id=userId 
        group by s.company order by 
        sum((s.net_amount - (select (st.net_amount / st.stock_in) * s.out_stock   from stock_ledger st  
        where st.trans_type !='SALE' and st.lot_number= s.lot_number))) DESC limit 10
        ;
END ;;
DELIMITER ;
/*!50003 SET sql_mode              = @saved_sql_mode */ ;
/*!50003 SET character_set_client  = @saved_cs_client */ ;
/*!50003 SET character_set_results = @saved_cs_results */ ;
/*!50003 SET collation_connection  = @saved_col_connection */ ;
/*!40103 SET TIME_ZONE=@OLD_TIME_ZONE */;

/*!40101 SET SQL_MODE=@OLD_SQL_MODE */;
/*!40014 SET FOREIGN_KEY_CHECKS=@OLD_FOREIGN_KEY_CHECKS */;
/*!40014 SET UNIQUE_CHECKS=@OLD_UNIQUE_CHECKS */;
/*!40101 SET CHARACTER_SET_CLIENT=@OLD_CHARACTER_SET_CLIENT */;
/*!40101 SET CHARACTER_SET_RESULTS=@OLD_CHARACTER_SET_RESULTS */;
/*!40101 SET COLLATION_CONNECTION=@OLD_COLLATION_CONNECTION */;
/*!40111 SET SQL_NOTES=@OLD_SQL_NOTES */;

-- Dump completed on 2021-05-16 23:11:30
